transactionid,saledate,customerid,productid,storeid,campaignid,saleamount,discountpercent,paymenttype
1,5/4/2025,1034,2059,402,0.0,2048.2,24.0,Cash
2,5/4/2025,1066,2048,403,1.0,321.87,41.0,Cash
3,5/4/2025,1116,2041,403,3.0,3216.84,17.0,Cash
4,5/4/2025,1071,2096,404,2.0,1613.23,33.0,Venmo
5,5/4/2025,1020,2060,401,0.0,408.38,45.0,Cash
6,5/4/2025,1089,2028,401,0.0,1275.88,45.0,Venm
7,5/4/2025,1193,2003,402,1.0,346.66,1.0,Cash
8,5/4/2025,1005,2079,402,1.0,855.49,49.0,Venmo
9,5/4/2025,1032,2060,401,1.0,735.08,0.0,Card
10,5/4/2025,1119,2089,403,2.0,661.63,13.0,Venmo
11,5/4/2025,1042,2077,401,,505.65,45.0,Venmo
12,5/4/2025,1079,2013,401,2.0,0.0,14.0,Card
13,5/4/2025,1147,2086,404,3.0,4470.5,41.0,Card
14,5/4/2025,1183,2025,401,1.0,503.32,45.0,Venmo
15,5/4/2025,1026,2089,403,0.0,413.52,7.0,Card
16,5/4/2025,1144,2005,403,3.0,1715.12,32.0,Cash
17,5/4/2025,1169,2047,401,2.0,535.97,9.0,Card
18,5/4/2025,1003,2053,404,0.0,3660.9,26.0,Cash
19,5/4/2025,1110,2046,404,1.0,30.09,1.0,Nan
20,5/4/2025,1111,2022,403,3.0,671.18,39.0,Card
21,5/4/2025,1119,2055,403,2.0,731.26,7.0,Card
22,5/4/2025,1062,2011,403,3.0,1229.22,14.0,Venmo
23,5/4/2025,1062,2096,404,3.0,672.18,45.0,Venmo
24,5/4/2025,1086,2003,404,2.0,924.43,14.0,Cash
25,5/4/2025,1046,2062,402,2.0,1981.95,38.0,Card
26,5/4/2025,1066,2043,403,2.0,698.76,3.0,Card
27,5/4/2025,1142,2001,402,0.0,1237.05,44.0,Venmo
28,5/4/2025,1061,2092,404,3.0,482.21,38.0,Cash
29,5/4/2025,1142,2097,402,3.0,4210.5,50.0,Cash
30,5/4/2025,1165,2091,404,3.0,4528.95,36.0,Cash
31,2023-13-01,1004,2011,403,1.0,737.53,22.0,Cash
32,5/4/2025,1103,2088,402,2.0,0.0,45.0,Venmo
33,5/4/2025,1169,2074,403,3.0,0.0,28.0,Cash
34,5/4/2025,1141,2067,403,3.0,872.85,49.0,Card
35,5/4/2025,1190,2070,403,2.0,54.69,32.0,Venmo
36,5/4/2025,1179,2058,403,2.0,1066.8,43.0,Venmo
37,5/4/2025,1064,2029,401,1.0,12.16,16.0,Card
38,5/4/2025,1080,2015,402,1.0,3037.36,10.0,Card
39,5/4/2025,1055,2094,404,2.0,1578.72,28.0,Venmo
40,5/4/2025,1185,2075,403,0.0,0.0,16.0,Venmo
41,5/4/2025,9999,2037,402,2.0,288.11,19.0,Cash
42,5/4/2025,1045,2038,401,1.0,1667.72,4.0,Cash
43,5/4/2025,1070,2005,401,2.0,686.05,31.0,Card
44,5/4/2025,1178,2016,404,0.0,0.0,43.0,Venmo
45,5/4/2025,1003,2073,403,3.0,1498.29,38.0,Cash
46,5/4/2025,1122,2056,403,1.0,944.5,46.0,Cash
47,5/4/2025,1013,2032,404,0.0,2836.8,7.0,Card
48,5/4/2025,1016,2051,404,0.0,117.32,22.0,Venmo
49,5/4/2025,1147,2080,401,1.0,0.0,17.0,Card
50,5/4/2025,1038,2072,403,0.0,840.6,34.0,Cash
51,5/4/2025,1063,2015,404,1.0,1214.95,17.0,Card
52,5/4/2025,1198,2066,404,3.0,516.06,12.0,Cash
53,5/4/2025,1113,2038,404,2.0,2223.62,22.0,Cash
54,5/4/2025,1145,2079,401,0.0,1901.08,27.0,Cash
55,5/4/2025,1195,2026,402,2.0,507.74,18.0,Venmo
56,5/4/2025,1169,2010,402,1.0,140.11,38.0,Card
57,5/4/2025,1044,2070,401,1.0,0.0,31.0,Card
58,5/4/2025,1000,2052,404,3.0,2193.78,26.0,Cash
59,5/4/2025,1074,2004,402,2.0,741.8,5.0,Venmo
60,5/4/2025,1180,2036,404,0.0,217.98,19.0,Venmo
62,5/4/2025,1108,2014,402,1.0,221.67,4.0,Cash
63,5/4/2025,1068,2018,401,0.0,2169.04,50.0,Card
64,5/4/2025,1042,2039,403,3.0,2929.32,38.0,Card
65,5/4/2025,1031,2059,403,3.0,0.0,41.0,Cash
66,5/4/2025,1069,2064,404,3.0,1470.2,50.0,Cash
67,5/4/2025,1020,2076,401,3.0,4836.42,25.0,Cash
68,5/4/2025,1188,2041,403,0.0,1608.42,18.0,Card
69,5/4/2025,1023,2029,401,2.0,0.0,25.0,Venmo
70,5/4/2025,1147,2005,402,3.0,0.0,29.0,Venmo
71,5/4/2025,1132,2083,404,2.0,614.53,29.0,Cash
72,5/4/2025,1046,2074,404,3.0,659.5,50.0,Cash
73,5/4/2025,1023,2060,403,3.0,1225.14,40.0,Cash
74,5/4/2025,1085,2041,401,1.0,1447.58,20.0,Venmo
75,5/4/2025,1084,2052,404,2.0,2925.04,26.0,Cash
76,5/4/2025,1169,2051,401,3.0,117.32,30.0,Cash
77,5/4/2025,1022,2040,403,2.0,55.26,12.0,Venmo
78,5/4/2025,1029,2098,404,0.0,3631.44,26.0,Venmo
79,5/4/2025,1168,2069,404,3.0,232.39,42.0,Venmo
80,5/4/2025,1013,2024,403,3.0,372.81,30.0,Venmo
81,5/4/2025,1160,2056,401,1.0,472.25,48.0,Card
82,5/4/2025,1068,2070,402,2.0,109.38,32.0,Cash
83,5/4/2025,1112,2089,404,0.0,2067.6,4.0,Card
84,5/4/2025,1007,2080,402,1.0,1498.07,38.0,Venmo
85,5/4/2025,1079,2070,401,3.0,34.18,31.0,Venmo
86,5/4/2025,1023,2028,401,3.0,2551.76,27.0,Venmo
87,5/4/2025,1030,2082,402,3.0,799.8,35.0,Cash
88,5/4/2025,1183,2037,403,3.0,2160.84,21.0,Cash
89,5/4/2025,1123,2060,402,3.0,2450.28,36.0,Venmo
90,5/4/2025,1141,2018,404,1.0,2440.17,27.0,Venmo
91,5/4/2025,1153,2065,402,0.0,470.34,38.0,Card
92,5/4/2025,1070,2098,404,2.0,0.0,42.0,Venmo
93,5/4/2025,1129,2034,401,2.0,108.94,5.0,Card
94,5/4/2025,1185,2038,404,1.0,1667.72,31.0,Card
95,5/4/2025,1114,2068,404,2.0,656.19,24.0,Cash
96,5/4/2025,1085,2070,404,3.0,0.0,31.0,Venmo
97,5/4/2025,1082,2024,402,3.0,372.81,19.0,Card
98,5/4/2025,1059,2099,404,0.0,1292.64,32.0,Card
99,5/4/2025,1081,2095,404,3.0,490.79,27.0,Card
100,5/4/2025,1098,2084,402,3.0,0.0,40.0,Cash
101,5/4/2025,1009,2016,403,0.0,969.06,36.0,Card
102,5/4/2025,1112,2012,404,0.0,1869.57,25.0,Venmo
103,5/4/2025,1184,2018,404,1.0,488.03,24.0,Card
104,5/4/2025,1019,2060,403,2.0,0.0,33.0,Card
105,5/4/2025,1159,2088,404,0.0,0.0,28.0,Card
106,5/4/2025,1084,2086,404,2.0,2861.12,45.0,Venmo
107,5/4/2025,1160,2091,404,0.0,905.79,19.0,Cash
108,5/4/2025,1158,2008,402,2.0,159.82,45.0,Venmo
109,5/4/2025,1058,2095,401,3.0,2453.95,50.0,Venmo
110,5/4/2025,1025,2097,401,3.0,842.1,36.0,Venmo
111,5/4/2025,1042,2088,403,0.0,709.35,14.0,Cash
112,5/4/2025,1011,2041,401,2.0,0.0,43.0,Card
113,5/4/2025,1091,2047,404,1.0,0.0,11.0,Cash
114,5/4/2025,1062,2067,404,1.0,0.0,21.0,Card
115,5/4/2025,1043,2022,401,3.0,2684.72,17.0,Card
116,5/4/2025,1158,2087,402,3.0,477.96,5.0,Venmo
117,5/4/2025,1149,2018,402,3.0,1626.78,5.0,Card
118,5/4/2025,1163,2032,404,2.0,756.48,49.0,Cash
119,5/4/2025,1170,2001,404,2.0,659.76,1.0,Card
120,5/4/2025,1173,2069,402,0.0,464.78,12.0,Card
121,5/4/2025,1113,2044,403,3.0,0.0,32.0,Cash
122,5/4/2025,1176,2032,404,2.0,756.48,33.0,Venmo
123,5/4/2025,1050,2049,404,0.0,2819.52,23.0,Venmo
124,5/4/2025,1060,2048,403,2.0,1144.42,48.0,Card
125,5/4/2025,1179,2037,401,3.0,1440.56,41.0,Card
126,5/4/2025,1070,2001,401,3.0,0.0,18.0,Venmo
127,5/4/2025,1073,2099,402,2.0,0.0,35.0,Venmo
128,5/4/2025,1056,2081,402,2.0,0.0,27.0,Card
129,5/4/2025,1173,2096,402,0.0,672.18,5.0,Cash
130,5/4/2025,1160,2082,401,2.0,426.56,47.0,Card
131,5/4/2025,1112,2004,403,1.0,1669.05,22.0,Cash
132,5/4/2025,1023,2037,403,3.0,2160.84,27.0,Card
133,5/4/2025,1044,2025,402,2.0,223.7,39.0,Cash
134,5/4/2025,1135,2064,403,1.0,793.91,48.0,Venmo
135,5/4/2025,1065,2061,403,2.0,639.74,44.0,Cash
136,5/4/2025,1029,2059,401,1.0,921.69,2.0,Card
137,5/4/2025,1193,2028,404,2.0,1531.06,6.0,Card
138,5/4/2025,1023,2050,401,2.0,298.85,33.0,Venmo
139,5/4/2025,1137,2015,404,2.0,539.98,11.0,Cash
140,5/4/2025,1172,2095,403,3.0,2453.95,0.0,Card
141,5/4/2025,1163,2047,401,1.0,301.48,30.0,Card
142,5/4/2025,1120,2003,403,1.0,1039.99,29.0,Cash
143,5/4/2025,1165,2008,404,2.0,53.27,11.0,Cash
144,5/4/2025,1166,2052,401,1.0,658.13,43.0,Card
145,5/4/2025,1011,2004,403,3.0,3709.0,27.0,Card
146,5/4/2025,1029,2012,402,1.0,0.0,21.0,Card
147,5/4/2025,1099,2058,403,3.0,666.75,33.0,Cash
148,5/4/2025,1150,2095,402,3.0,490.79,10.0,Card
149,5/4/2025,1167,2012,404,3.0,0.0,33.0,Venmo
150,5/4/2025,1071,2004,403,1.0,834.52,47.0,Cash
151,5/4/2025,1113,2056,402,2.0,839.55,18.0,Cash
152,5/4/2025,1025,2087,403,2.0,0.0,32.0,Card
153,5/4/2025,1015,2050,403,1.0,504.31,10.0,Venmo
154,5/4/2025,1031,2058,401,1.0,2400.3,5.0,Card
155,5/4/2025,1164,2081,401,0.0,2984.88,0.0,Cash
156,5/4/2025,1085,2031,402,1.0,508.77,44.0,Venmo
157,5/4/2025,1017,2097,402,1.0,757.89,19.0,Card
158,5/4/2025,1059,2042,402,0.0,0.0,32.0,Cash
159,5/4/2025,1070,2018,402,2.0,0.0,37.0,Venmo
160,5/4/2025,1044,2014,401,1.0,886.68,1.0,Venmo
161,5/4/2025,1003,2045,402,2.0,499.42,17.0,Venmo
162,5/4/2025,1004,2022,403,0.0,671.18,31.0,Cash
163,5/4/2025,1032,2094,404,0.0,493.35,25.0,Venmo
164,5/4/2025,1190,2008,404,3.0,266.36,14.0,Cash
165,5/4/2025,1199,2046,401,3.0,167.15,24.0,Venmo
166,5/4/2025,1128,2028,401,2.0,2041.41,13.0,Venmo
167,5/4/2025,1117,2082,401,0.0,799.8,45.0,Card
168,5/4/2025,1122,2051,404,0.0,234.64,2.0,Card
169,5/4/2025,1125,2091,404,0.0,1811.58,42.0,Cash
170,5/4/2025,1020,2041,402,0.0,0.0,3.0,Cash
171,5/4/2025,1032,2035,403,3.0,4499.95,7.0,Cash
172,5/4/2025,1152,2067,403,3.0,872.85,5.0,Card
173,5/4/2025,1129,2077,404,0.0,2809.15,43.0,Card
174,5/4/2025,1179,2014,402,3.0,738.9,21.0,Venmo
175,5/4/2025,1115,2029,404,2.0,0.0,22.0,Cash
176,5/4/2025,1116,2051,404,0.0,351.96,28.0,Card
177,5/4/2025,1080,2054,403,2.0,3602.04,2.0,Card
178,5/4/2025,1095,2019,404,0.0,933.93,48.0,Card
179,5/4/2025,1023,2010,401,3.0,0.0,29.0,Cash
180,5/4/2025,1024,2095,403,1.0,3533.69,29.0,Card
181,5/4/2025,1142,2007,403,0.0,583.39,40.0,Card
182,5/4/2025,1105,2045,404,0.0,624.28,22.0,Venmo
183,5/4/2025,1073,2076,403,2.0,1934.57,48.0,Cash
184,5/4/2025,1026,2073,402,1.0,1797.95,31.0,Cash
185,5/4/2025,1168,2061,402,0.0,599.76,46.0,Venmo
186,5/4/2025,1089,2071,403,0.0,0.0,0.0,Cash
187,5/4/2025,1195,2035,402,3.0,0.0,0.0,Cash
188,5/4/2025,1143,2098,401,2.0,2178.86,2.0,Cash
189,5/4/2025,1007,2023,403,2.0,751.63,39.0,Venmo
190,5/4/2025,1086,2044,401,1.0,373.64,47.0,Card
191,5/4/2025,1036,2072,404,0.0,1260.9,37.0,Venmo
192,5/4/2025,1036,2094,401,0.0,2466.75,42.0,Card
193,5/4/2025,1191,2067,402,3.0,872.85,17.0,Cash
194,5/4/2025,1107,2058,403,1.0,1800.22,12.0,Cash
195,5/4/2025,1094,2039,403,0.0,1952.88,44.0,Card
196,5/4/2025,1013,2019,402,0.0,0.0,13.0,Card
197,5/4/2025,1172,2010,403,3.0,0.0,12.0,Venmo
198,5/4/2025,1169,2054,404,3.0,900.51,5.0,Venmo
199,5/4/2025,1106,2034,402,0.0,136.17,20.0,Card
200,5/4/2025,1088,2055,401,2.0,129.46,9.0,Card
201,5/4/2025,1173,2086,404,2.0,715.28,46.0,Cash
202,5/4/2025,1011,2028,404,0.0,0.0,13.0,Card
203,5/4/2025,1001,2026,403,1.0,190.4,44.0,Card
204,5/4/2025,1196,2017,403,2.0,370.96,7.0,Cash
205,5/4/2025,1083,2015,401,3.0,0.0,34.0,Card
206,5/4/2025,1191,2055,402,1.0,48.55,36.0,Cash
207,5/4/2025,1097,2068,402,2.0,1312.38,36.0,Cash
208,5/4/2025,1018,2050,401,3.0,0.0,14.0,Card
209,5/4/2025,1004,2058,401,2.0,1066.8,16.0,Venmo
210,5/4/2025,1147,2054,404,3.0,2701.53,6.0,Cash
211,5/4/2025,1074,2014,404,0.0,738.9,41.0,Venmo
212,5/4/2025,1083,2021,404,2.0,668.33,50.0,Cash
213,5/4/2025,1022,2055,401,1.0,97.09,49.0,Venmo
214,5/4/2025,1111,2075,404,0.0,1561.28,13.0,Cash
215,5/4/2025,1101,2039,403,1.0,2636.39,26.0,Card
216,5/4/2025,1085,2099,402,0.0,646.32,34.0,Venmo
217,5/4/2025,1130,2081,401,1.0,1343.2,50.0,Venmo
218,5/4/2025,1198,2044,403,1.0,186.82,30.0,Venmo
219,5/4/2025,1060,2013,402,2.0,0.0,4.0,Venmo
220,5/4/2025,1050,2022,402,0.0,671.18,3.0,Card
221,5/4/2025,1045,2098,404,3.0,907.86,38.0,Venmo
222,5/4/2025,1193,2072,404,2.0,1681.2,0.0,Card
223,5/4/2025,1160,2040,402,3.0,138.16,17.0,Card
224,5/4/2025,1017,2060,404,2.0,0.0,16.0,Cash
225,5/4/2025,1070,2075,401,2.0,624.51,40.0,Venmo
226,5/4/2025,1129,2009,403,3.0,198.93,13.0,Venmo
227,5/4/2025,1115,2004,401,2.0,2225.4,0.0,Venmo
228,5/4/2025,1073,2009,401,3.0,66.31,39.0,Card
229,5/4/2025,1118,2074,401,3.0,659.5,8.0,Venmo
230,5/4/2025,1146,2083,402,2.0,614.53,35.0,Venmo
231,5/4/2025,1154,2060,402,0.0,408.38,9.0,Card
232,5/4/2025,1115,2013,403,0.0,2806.08,9.0,Cash
233,5/4/2025,1129,2082,402,0.0,1066.4,30.0,Cash
234,5/4/2025,1063,2090,404,3.0,71.64,18.0,Cash
235,5/4/2025,1134,2066,402,2.0,1238.54,32.0,Cash
236,5/4/2025,1095,2036,404,3.0,653.94,26.0,Cash
237,5/4/2025,1198,2043,401,2.0,1397.52,8.0,Cash
238,5/4/2025,1016,2042,401,3.0,0.0,6.0,Cash
239,5/4/2025,1072,2032,402,2.0,1512.96,10.0,Card
240,5/4/2025,1020,2074,402,2.0,527.6,11.0,Venmo
241,5/4/2025,1079,2083,404,1.0,691.34,23.0,Cash
242,5/4/2025,1152,2090,401,2.0,57.31,0.0,Card
243,5/4/2025,1143,2048,403,1.0,0.0,38.0,Card
244,5/4/2025,1171,2089,401,3.0,1654.08,24.0,Card
245,5/4/2025,1130,2046,401,2.0,106.98,42.0,Cash
246,5/4/2025,1079,2023,402,2.0,3006.53,14.0,Venmo
247,5/4/2025,1196,2062,402,1.0,1114.85,48.0,Card
248,5/4/2025,1035,2019,401,2.0,0.0,47.0,Cash
249,5/4/2025,1025,2064,401,2.0,705.7,24.0,Cash
250,5/4/2025,1196,2079,402,3.0,2851.62,7.0,Cash
251,5/4/2025,1039,2020,402,1.0,338.25,1.0,Card
252,5/4/2025,1184,2056,401,3.0,1574.16,32.0,Cash
253,5/4/2025,1093,2086,402,3.0,3576.4,47.0,Venmo
254,5/4/2025,1156,2036,404,1.0,392.36,28.0,Card
255,5/4/2025,1136,2030,403,3.0,509.91,28.0,Cash
256,5/4/2025,1049,2047,404,3.0,1674.9,32.0,Card
257,5/4/2025,1196,2036,404,3.0,0.0,5.0,Venmo
258,5/4/2025,1041,2025,402,2.0,671.09,14.0,Venmo
259,5/4/2025,1013,2082,404,2.0,1066.4,3.0,Venmo
260,5/4/2025,1141,2013,401,2.0,748.29,36.0,Cash
261,5/4/2025,1021,2097,402,2.0,673.68,19.0,Cash
262,5/4/2025,1115,2065,402,3.0,1881.36,7.0,Venmo
263,5/4/2025,1023,2028,404,2.0,510.35,12.0,Card
264,5/4/2025,1006,2053,401,3.0,610.15,12.0,Cash
265,5/4/2025,1128,2047,402,3.0,1004.94,4.0,Venmo
266,5/4/2025,1020,2047,402,0.0,669.96,40.0,Card
267,5/4/2025,1081,2012,403,1.0,1682.61,16.0,Cash
268,5/4/2025,1035,2004,403,3.0,927.25,29.0,Venmo
269,5/4/2025,1178,2017,404,3.0,1854.8,1.0,Venmo
270,5/4/2025,1157,2000,401,0.0,1938.62,12.0,Venmo
271,5/4/2025,1065,2027,402,3.0,775.83,20.0,Cash
272,5/4/2025,1028,2099,403,1.0,3490.13,33.0,Cash
273,5/4/2025,1077,2015,401,1.0,1822.42,31.0,Card
274,5/4/2025,1107,2081,404,0.0,2238.66,11.0,Cash
275,5/4/2025,1028,2063,401,1.0,994.43,9.0,Venmo
276,5/4/2025,1183,2018,403,3.0,2711.3,6.0,Venmo
277,5/4/2025,1000,2078,403,1.0,0.0,19.0,Venmo
278,5/4/2025,1146,2053,402,0.0,1220.3,14.0,Venmo
279,5/4/2025,1134,2046,401,0.0,33.43,33.0,Cash
280,5/4/2025,1099,2060,401,3.0,1633.52,44.0,Venmo
281,5/4/2025,1095,2032,401,2.0,1512.96,40.0,Card
282,5/4/2025,1017,2044,402,0.0,207.58,9.0,Venmo
283,5/4/2025,1197,2074,403,1.0,593.55,3.0,Cash
284,5/4/2025,1011,2045,403,1.0,842.78,29.0,Cash
285,5/4/2025,1199,2087,404,3.0,159.32,13.0,Card
286,5/4/2025,1161,2023,402,0.0,939.54,9.0,Venmo
287,5/4/2025,1183,2099,404,0.0,1292.64,8.0,Venmo
288,5/4/2025,1075,2025,401,1.0,0.0,50.0,Cash
289,5/4/2025,1010,2040,403,3.0,138.16,43.0,Cash
290,5/4/2025,1139,2060,403,0.0,1225.14,44.0,Venmo
291,5/4/2025,1192,2082,402,2.0,213.28,44.0,Cash
292,5/4/2025,1091,2099,401,2.0,1034.11,7.0,Cash
293,5/4/2025,1069,2015,403,3.0,2699.88,24.0,Cash
294,5/4/2025,1102,2095,404,3.0,1472.37,4.0,Venmo
295,5/4/2025,1086,2023,404,3.0,3758.16,19.0,Cash
296,5/4/2025,1094,2066,403,0.0,1032.12,2.0,Cash
297,5/4/2025,1186,2054,401,3.0,0.0,33.0,Venmo
298,5/4/2025,1154,2023,403,2.0,751.63,23.0,Card
299,5/4/2025,1026,2010,403,2.0,62.27,16.0,Cash
300,5/4/2025,1078,2057,404,1.0,393.28,27.0,Card
301,5/4/2025,1176,2056,403,3.0,524.72,29.0,Card
302,5/4/2025,1010,2093,403,3.0,0.0,47.0,Venmo
303,5/4/2025,1070,2081,401,0.0,1492.44,3.0,Card
304,5/4/2025,1171,2081,404,2.0,596.98,25.0,Card
305,5/4/2025,1131,2095,402,0.0,1472.37,14.0,Card
306,5/4/2025,1036,2077,404,0.0,1123.66,25.0,Card
307,5/4/2025,1032,2008,402,2.0,106.54,15.0,Venmo
308,5/4/2025,1092,2049,401,1.0,0.0,1.0,Card
309,5/4/2025,1173,2057,403,2.0,349.58,24.0,Venmo
310,5/4/2025,1113,2097,401,1.0,757.89,16.0,Venmo
311,5/4/2025,1135,2046,404,2.0,80.23,47.0,Venmo
312,5/4/2025,1166,2035,402,0.0,899.99,18.0,Card
313,5/4/2025,1006,2094,402,3.0,1480.05,23.0,Cash
314,5/4/2025,1132,2049,401,2.0,1503.74,13.0,Cash
315,5/4/2025,1198,2033,404,1.0,2257.88,45.0,Cash
316,5/4/2025,1156,2036,404,1.0,784.73,44.0,Cash
317,5/4/2025,1031,2017,401,3.0,0.0,2.0,Venmo
318,5/4/2025,1044,2091,404,0.0,1811.58,29.0,Card
319,5/4/2025,1174,2040,403,0.0,34.54,0.0,Cash
320,5/4/2025,1140,2069,403,2.0,557.74,36.0,Card
321,5/4/2025,1040,2091,402,2.0,724.63,39.0,Cash
322,5/4/2025,1130,2028,401,1.0,574.15,16.0,Venmo
323,5/4/2025,1035,2030,404,0.0,339.94,20.0,Card
324,5/4/2025,1092,2070,403,3.0,102.54,16.0,Cash
325,5/4/2025,1141,2016,401,0.0,0.0,44.0,Card
326,5/4/2025,1079,2050,404,3.0,186.78,3.0,Cash
327,5/4/2025,1196,2052,401,1.0,2632.54,1.0,Cash
328,5/4/2025,1081,2082,401,3.0,1066.4,40.0,Card
329,5/4/2025,1119,2087,403,1.0,0.0,11.0,Card
330,5/4/2025,1199,2070,402,1.0,30.76,48.0,Cash
331,5/4/2025,1110,2064,401,0.0,0.0,39.0,Venmo
332,5/4/2025,1132,2019,403,1.0,1681.07,9.0,Card
333,5/4/2025,1041,2041,402,2.0,643.37,48.0,Venmo
334,5/4/2025,1132,2036,401,2.0,348.77,11.0,Venmo
335,5/4/2025,1050,2081,403,1.0,2686.39,36.0,Cash
336,5/4/2025,1160,2038,401,1.0,0.0,1.0,Venmo
337,5/4/2025,1151,2074,402,1.0,1187.1,41.0,Card
338,5/4/2025,1168,2079,403,0.0,1901.08,23.0,Card
339,5/4/2025,1007,2010,401,2.0,62.27,17.0,Cash
340,5/4/2025,1166,2026,404,0.0,0.0,47.0,Card
341,5/4/2025,1127,2080,403,2.0,1997.42,25.0,Cash
342,5/4/2025,1123,2031,404,2.0,1356.72,39.0,Card
343,5/4/2025,1116,2009,401,1.0,119.36,26.0,Card
344,5/4/2025,1112,2053,404,3.0,0.0,35.0,Card
345,5/4/2025,1052,2043,402,2.0,698.76,15.0,Venmo
346,5/4/2025,1183,2040,403,3.0,103.62,9.0,Card
347,5/4/2025,1033,2097,403,0.0,4210.5,38.0,Cash
348,5/4/2025,1081,2030,404,0.0,339.94,43.0,Venmo
349,5/4/2025,1068,2057,402,1.0,1179.85,24.0,Card
350,5/4/2025,1024,2006,403,3.0,594.0,10.0,Venmo
351,5/4/2025,1157,2053,402,1.0,1098.27,4.0,Cash
352,5/4/2025,1083,2073,403,1.0,2247.44,1.0,Card
353,5/4/2025,1195,2020,404,3.0,1879.15,25.0,Card
354,5/4/2025,1127,2039,404,0.0,1952.88,8.0,Card
355,5/4/2025,1023,2050,404,1.0,0.0,10.0,Venmo
356,5/4/2025,1055,2074,403,0.0,1978.5,1.0,Venmo
357,5/4/2025,1012,2036,404,3.0,653.94,23.0,Venmo
358,5/4/2025,1073,2068,401,0.0,2460.72,41.0,Venmo
359,5/4/2025,1110,2017,403,2.0,370.96,1.0,Venmo
360,5/4/2025,1195,2051,403,0.0,117.32,6.0,Card
361,5/4/2025,1102,2006,402,2.0,792.0,50.0,Card
362,5/4/2025,1141,2036,401,3.0,871.92,15.0,Cash
363,5/4/2025,1129,2057,403,0.0,1747.92,18.0,Card
364,5/4/2025,1032,2012,404,2.0,997.1,19.0,Cash
365,5/4/2025,1086,2071,403,1.0,553.64,9.0,Cash
366,5/4/2025,1050,2077,404,0.0,561.83,7.0,Cash
367,5/4/2025,1011,2004,402,2.0,0.0,21.0,Cash
368,5/4/2025,1121,2066,404,1.0,0.0,10.0,Venmo
369,5/4/2025,1155,2065,402,2.0,1128.82,24.0,Cash
370,5/4/2025,1156,2040,402,3.0,138.16,19.0,Cash
371,5/4/2025,1157,2094,403,2.0,1578.72,49.0,Card
372,5/4/2025,1129,2065,404,2.0,752.54,36.0,Venmo
373,5/4/2025,1121,2002,403,2.0,2771.2,44.0,Cash
374,5/4/2025,1172,2014,404,2.0,197.04,50.0,Card
375,5/4/2025,1185,2088,401,3.0,2128.05,9.0,Cash
376,5/4/2025,1067,2083,402,0.0,0.0,31.0,Card
377,5/4/2025,1149,2061,402,3.0,1199.52,7.0,Venmo
378,5/4/2025,1037,2087,402,0.0,318.64,47.0,Venmo
379,5/4/2025,1146,2089,401,1.0,744.34,19.0,Venmo
380,5/4/2025,1004,2056,403,3.0,2098.88,12.0,Cash
381,5/4/2025,1038,2052,402,3.0,2193.78,23.0,Venmo
382,5/4/2025,1128,2099,404,0.0,3877.92,43.0,Venmo
383,5/4/2025,1180,2017,402,2.0,741.92,4.0,Venmo
384,5/4/2025,1169,2061,404,2.0,319.87,3.0,Card
385,5/4/2025,1044,2058,403,2.0,1066.8,25.0,Card
386,5/4/2025,1173,2098,403,3.0,3631.44,30.0,Cash
387,5/4/2025,1049,2031,403,2.0,1356.72,36.0,Venmo
388,5/4/2025,1057,2038,403,1.0,2501.58,20.0,Card
389,5/4/2025,1176,2090,404,2.0,343.87,25.0,Venmo
390,5/4/2025,1122,2044,403,2.0,166.06,30.0,Card
391,5/4/2025,1031,2073,404,3.0,1498.29,28.0,Card
392,5/4/2025,1088,2098,402,2.0,726.29,3.0,Venmo
393,5/4/2025,1010,2036,401,2.0,348.77,2.0,Venmo
394,5/4/2025,1113,2083,403,3.0,3072.64,14.0,Card
395,5/4/2025,1054,2025,403,2.0,671.09,22.0,Cash
396,5/4/2025,1035,2013,402,1.0,1683.65,10.0,Card
397,5/4/2025,1012,2085,402,1.0,217.94,3.0,Cash
398,5/4/2025,1013,2012,404,2.0,1994.21,20.0,Venmo
399,5/4/2025,1183,2060,401,1.0,367.54,19.0,Venmo
400,5/4/2025,1001,2070,402,3.0,102.54,40.0,Cash
401,5/4/2025,1167,2060,404,1.0,735.08,31.0,Venmo
402,5/4/2025,1193,2036,403,2.0,348.77,7.0,Venmo
403,5/4/2025,1165,2007,401,1.0,0.0,43.0,Card
404,5/4/2025,1136,2094,401,1.0,1776.06,31.0,Venmo
405,5/4/2025,1106,2022,401,3.0,671.18,49.0,Venmo
406,5/4/2025,1126,2023,403,0.0,0.0,1.0,Venmo
407,5/4/2025,1002,2038,401,2.0,1482.42,10.0,Venmo
408,5/4/2025,1072,2058,404,1.0,1200.15,9.0,Card
409,5/4/2025,1129,2059,403,1.0,1382.54,22.0,Cash
410,5/4/2025,1028,2042,402,3.0,502.83,32.0,Cash
411,5/4/2025,1165,2032,402,0.0,0.0,30.0,Venmo
412,5/4/2025,1188,2043,403,1.0,1572.21,33.0,Card
413,5/4/2025,1044,2078,404,3.0,426.03,7.0,Cash
414,5/4/2025,1131,2041,401,3.0,3216.84,38.0,Card
415,5/4/2025,1171,2012,402,1.0,1121.74,42.0,Card
416,5/4/2025,1122,2041,402,0.0,1608.42,12.0,Cash
417,5/4/2025,1066,2049,402,3.0,0.0,27.0,Venmo
418,5/4/2025,1192,2034,403,2.0,326.81,39.0,Cash
419,5/4/2025,1149,2092,401,2.0,1157.3,25.0,Venmo
420,5/4/2025,1167,2046,402,0.0,133.72,25.0,Cash
421,5/4/2025,1170,2015,404,2.0,0.0,50.0,Venmo
422,5/4/2025,1040,2051,403,0.0,469.28,1.0,Venmo
423,5/4/2025,1163,2037,403,1.0,0.0,32.0,Cash
424,5/4/2025,1056,2017,404,1.0,834.66,39.0,Venmo
425,5/4/2025,1116,2095,403,3.0,490.79,48.0,Card
426,5/4/2025,1179,2070,404,1.0,61.52,4.0,Venmo
427,5/4/2025,1195,2031,401,3.0,1695.9,36.0,Cash
428,5/4/2025,1135,2090,403,0.0,0.0,0.0,Venmo
429,5/4/2025,1144,2014,401,1.0,443.34,50.0,Venmo
430,5/4/2025,1146,2068,402,1.0,2952.86,50.0,Cash
431,5/4/2025,1083,2066,404,0.0,516.06,34.0,Card
432,5/4/2025,1174,2026,404,0.0,423.12,49.0,Card
433,5/4/2025,1130,2057,401,3.0,1747.92,41.0,Cash
434,5/4/2025,1033,2065,404,3.0,0.0,14.0,Card
435,5/4/2025,1144,2007,404,2.0,933.42,41.0,Cash
436,5/4/2025,1185,2002,404,2.0,692.8,48.0,Venmo
437,5/4/2025,1000,2095,402,0.0,0.0,23.0,Cash
438,5/4/2025,1011,2054,403,0.0,900.51,19.0,Cash
439,5/4/2025,1138,2007,401,3.0,2333.56,39.0,Cash
440,5/4/2025,1008,2036,404,1.0,196.18,2.0,Venmo
441,5/4/2025,1196,2017,404,2.0,741.92,18.0,Cash
442,5/4/2025,1097,2057,404,3.0,436.98,50.0,Cash
443,5/4/2025,1020,2087,402,2.0,637.28,33.0,Venmo
444,5/4/2025,1030,2022,404,1.0,604.06,16.0,Card
445,5/4/2025,1186,2028,401,0.0,2551.76,34.0,Card
446,5/4/2025,1076,2059,404,3.0,1536.15,36.0,Card
447,5/4/2025,1058,2031,404,2.0,0.0,6.0,Card
448,5/4/2025,1039,2035,402,0.0,899.99,7.0,Cash
449,5/4/2025,1008,2084,404,0.0,845.55,6.0,Cash
450,5/4/2025,1061,2026,401,0.0,423.12,33.0,Card
451,5/4/2025,1152,2004,404,0.0,2781.75,14.0,Venmo
452,5/4/2025,1062,2094,401,3.0,1973.4,28.0,Venmo
453,5/4/2025,1112,2029,402,0.0,13.51,36.0,Venmo
454,5/4/2025,1035,2064,403,1.0,0.0,26.0,Card
455,5/4/2025,1187,2073,403,2.0,399.54,42.0,Cash
456,5/4/2025,1060,2038,402,1.0,3335.44,30.0,Cash
457,5/4/2025,1105,2038,403,0.0,1853.02,26.0,Venmo
458,5/4/2025,1142,2075,402,3.0,3903.2,28.0,Cash
459,5/4/2025,1142,2063,401,2.0,1325.9,49.0,Cash
460,5/4/2025,1164,2085,404,2.0,387.44,0.0,Card
461,5/4/2025,1178,2053,404,1.0,1647.4,9.0,Card
462,5/4/2025,1076,2048,402,3.0,1072.89,39.0,Card
463,5/4/2025,1061,2028,403,1.0,1148.29,42.0,Venmo
464,5/4/2025,1118,2007,404,3.0,1750.17,46.0,Cash
465,5/4/2025,1142,2067,402,3.0,1163.8,2.0,Card
466,5/4/2025,1062,2032,402,2.0,756.48,25.0,Cash
467,5/4/2025,1165,2010,404,2.0,124.54,23.0,Card
468,5/4/2025,1023,2068,402,0.0,2460.72,49.0,Card
469,5/4/2025,1068,2048,401,0.0,715.26,26.0,Card
470,5/4/2025,1048,2097,402,3.0,0.0,14.0,Cash
471,5/4/2025,1053,2042,403,0.0,167.61,42.0,Cash
472,5/4/2025,1054,2024,401,3.0,372.81,6.0,Cash
473,5/4/2025,1062,2089,402,3.0,1240.56,8.0,Cash
474,5/4/2025,1061,2070,403,2.0,27.34,50.0,Venmo
475,5/4/2025,1097,2059,403,2.0,0.0,41.0,Cash
476,5/4/2025,1066,2046,404,3.0,200.58,32.0,Venmo
477,5/4/2025,1025,2092,404,2.0,771.54,42.0,Cash
478,5/4/2025,1052,2047,403,3.0,334.98,13.0,Cash
479,5/4/2025,1011,2072,402,1.0,756.54,5.0,Card
480,5/4/2025,1004,2033,404,2.0,0.0,23.0,Card
481,5/4/2025,1039,2025,403,1.0,503.32,11.0,Card
482,5/4/2025,1097,2072,402,3.0,420.3,27.0,Cash
483,5/4/2025,1140,2083,403,2.0,1843.58,42.0,Venmo
484,5/4/2025,1195,2062,404,3.0,3096.8,25.0,Venmo
485,5/4/2025,1043,2093,403,1.0,1360.69,12.0,Venmo
486,5/4/2025,1035,2092,404,1.0,0.0,48.0,Cash
487,5/4/2025,1138,2082,401,0.0,533.2,47.0,Venmo
488,5/4/2025,1019,2085,401,0.0,484.3,11.0,Venmo
489,5/4/2025,1105,2017,402,0.0,1391.1,22.0,Cash
490,5/4/2025,1181,2019,401,1.0,4202.68,49.0,Card
491,5/4/2025,1129,2058,403,0.0,1333.5,26.0,Card
492,5/4/2025,1158,2081,404,3.0,2984.88,33.0,Card
493,5/4/2025,1004,2000,404,0.0,2907.93,40.0,Card
494,5/4/2025,1004,2067,403,2.0,465.52,13.0,Venmo
495,5/4/2025,1004,2064,404,1.0,1323.18,7.0,Card
496,5/4/2025,1027,2012,402,1.0,1121.74,48.0,Card
497,5/4/2025,1049,2079,403,2.0,3802.16,25.0,Card
498,5/4/2025,1068,2050,401,2.0,0.0,33.0,Card
499,5/4/2025,1103,2058,402,1.0,600.08,43.0,Venmo
500,5/4/2025,1076,2087,401,0.0,159.32,10.0,Card
501,5/4/2025,1023,2051,404,3.0,351.96,27.0,Venmo
502,5/4/2025,1141,2060,401,0.0,408.38,42.0,Card
503,5/4/2025,1179,2021,401,3.0,835.41,26.0,Venmo
504,5/4/2025,1111,2082,403,0.0,0.0,44.0,Venmo
505,5/4/2025,1135,2005,402,1.0,1157.71,21.0,Card
506,5/4/2025,1177,2072,404,2.0,1008.72,47.0,Venmo
507,5/4/2025,1011,2009,403,0.0,0.0,5.0,Card
508,5/4/2025,1045,2040,401,1.0,31.09,15.0,Cash
509,5/4/2025,1150,2018,404,0.0,1084.52,8.0,Venmo
510,5/4/2025,1076,2020,402,3.0,2254.98,34.0,Venmo
511,5/4/2025,1173,2069,403,3.0,232.39,4.0,Card
512,5/4/2025,1193,2094,402,0.0,1480.05,5.0,Venmo
513,5/4/2025,1128,2095,403,0.0,0.0,37.0,Card
514,5/4/2025,1025,2055,402,0.0,107.88,21.0,Cash
515,5/4/2025,1087,2077,404,2.0,449.46,4.0,Cash
516,5/4/2025,1007,2081,403,3.0,746.22,26.0,Venmo
517,5/4/2025,1125,2029,403,3.0,40.53,8.0,Card
518,5/4/2025,1110,2023,404,0.0,1879.08,21.0,Card
519,5/4/2025,1197,2079,403,1.0,855.49,8.0,Cash
520,5/4/2025,1182,2009,401,2.0,53.05,12.0,Card
521,5/4/2025,1039,2048,402,3.0,357.63,16.0,Venmo
522,5/4/2025,1081,2046,401,0.0,33.43,31.0,Cash
523,5/4/2025,1001,2039,404,2.0,2343.46,8.0,Card
524,5/4/2025,1194,2034,401,1.0,245.11,46.0,Cash
525,5/4/2025,1022,2023,404,3.0,5637.24,31.0,Card
526,5/4/2025,1142,2071,404,0.0,615.16,5.0,Card
527,5/4/2025,1006,2011,403,0.0,1229.22,16.0,Card
528,5/4/2025,1152,2076,403,3.0,2418.21,29.0,Venmo
529,5/4/2025,1003,2037,404,3.0,1440.56,18.0,Venmo
530,5/4/2025,1199,2010,402,1.0,210.17,15.0,Cash
531,5/4/2025,1175,2048,402,1.0,965.6,1.0,Cash
532,5/4/2025,1068,2038,403,3.0,0.0,44.0,Cash
533,5/4/2025,1037,2008,402,3.0,266.36,25.0,Venmo
534,5/4/2025,1070,2053,403,3.0,1830.45,9.0,Cash
535,5/4/2025,1005,2009,403,2.0,53.05,16.0,Venmo
536,5/4/2025,1063,2092,404,1.0,867.98,37.0,Venmo
537,5/4/2025,1117,2013,402,2.0,2244.86,9.0,Card
538,5/4/2025,1001,2050,403,3.0,0.0,21.0,Venmo
539,5/4/2025,1084,2056,403,3.0,1574.16,25.0,Venmo
540,5/4/2025,1166,2076,402,2.0,0.0,31.0,Cash
541,5/4/2025,1082,2077,402,3.0,0.0,32.0,Venmo
542,5/4/2025,1080,2022,404,2.0,1073.89,10.0,Card
543,5/4/2025,1074,2094,404,1.0,444.02,32.0,Cash
544,5/4/2025,1083,2048,403,3.0,0.0,46.0,Card
545,5/4/2025,1093,2014,402,1.0,221.67,32.0,Cash
546,5/4/2025,1174,2098,401,3.0,2723.58,30.0,Venmo
547,5/4/2025,1181,2026,404,2.0,507.74,36.0,Cash
548,5/4/2025,1177,2008,404,3.0,332.95,2.0,Card
549,5/4/2025,1035,2081,403,1.0,1343.2,7.0,Card
550,5/4/2025,1064,2084,402,3.0,845.55,34.0,Venmo
551,5/4/2025,1096,2009,404,3.0,198.93,2.0,Card
552,5/4/2025,1149,2051,404,0.0,0.0,19.0,Card
553,5/4/2025,1092,2089,401,0.0,827.04,19.0,Cash
554,5/4/2025,1196,2031,403,1.0,1526.31,34.0,Cash
555,5/4/2025,1165,2078,401,3.0,142.01,1.0,Venmo
556,5/4/2025,1192,2042,404,0.0,1005.66,30.0,Venmo
557,5/4/2025,1002,2012,403,1.0,560.87,26.0,Venmo
558,5/4/2025,1130,2095,402,3.0,1963.16,41.0,Card
559,5/4/2025,1095,2050,404,1.0,168.1,22.0,Card
560,5/4/2025,1088,2003,404,0.0,385.18,19.0,Venmo
561,5/4/2025,1075,2053,401,0.0,1830.45,8.0,Venmo
562,5/4/2025,1186,2018,403,2.0,1301.42,1.0,Venmo
563,5/4/2025,1087,2058,402,3.0,2667.0,34.0,Cash
564,5/4/2025,1089,2060,401,3.0,408.38,42.0,Card
565,5/4/2025,1184,2089,404,2.0,1984.9,41.0,Card
566,5/4/2025,1017,2038,401,0.0,0.0,36.0,Cash
567,5/4/2025,1005,2043,401,1.0,786.1,17.0,Card
568,5/4/2025,1189,2031,402,1.0,2035.08,30.0,Cash
569,5/4/2025,1084,2071,404,3.0,0.0,16.0,Card
570,5/4/2025,1059,2051,402,1.0,527.94,49.0,Card
571,5/4/2025,1163,2084,404,3.0,845.55,13.0,Venmo
572,5/4/2025,1007,2094,402,3.0,493.35,15.0,Cash
573,5/4/2025,1151,2054,404,0.0,0.0,38.0,Venmo
574,5/4/2025,1180,2027,402,2.0,0.0,33.0,Card
575,5/4/2025,1192,2090,401,0.0,286.56,1.0,Cash
576,5/4/2025,1137,2023,403,2.0,1503.26,14.0,Card
577,5/4/2025,1050,2058,401,2.0,1066.8,32.0,Venmo
578,5/4/2025,1171,2062,403,3.0,619.36,16.0,Venmo
579,5/4/2025,1156,2050,401,2.0,0.0,43.0,Card
580,5/4/2025,1090,2058,402,2.0,1066.8,24.0,Cash
581,5/4/2025,1157,2075,401,1.0,702.58,7.0,Venmo
582,5/4/2025,1080,2015,402,2.0,1619.93,40.0,Cash
583,5/4/2025,1029,2023,403,1.0,0.0,46.0,Venmo
584,5/4/2025,1130,2049,404,1.0,845.86,3.0,Venmo
585,5/4/2025,1147,2049,404,1.0,845.86,32.0,Venmo
586,5/4/2025,1124,2081,402,1.0,2686.39,4.0,Card
587,5/4/2025,1125,2036,402,1.0,588.55,28.0,Card
588,5/4/2025,1080,2057,401,2.0,699.17,34.0,Card
589,5/4/2025,1002,2062,402,1.0,1114.85,27.0,Cash
590,5/4/2025,1098,2071,404,3.0,1845.48,35.0,Venmo
591,5/4/2025,1175,2062,404,3.0,1858.08,48.0,Cash
592,5/4/2025,1125,2021,401,0.0,1670.82,5.0,Venmo
593,5/4/2025,1194,2028,403,0.0,637.94,10.0,Venmo
594,5/4/2025,1070,2028,403,1.0,0.0,10.0,Venmo
595,5/4/2025,1199,2058,404,0.0,2667.0,38.0,Card
596,5/4/2025,1146,2014,403,2.0,0.0,16.0,Cash
597,5/4/2025,1138,2096,401,3.0,2688.72,37.0,Cash
598,5/4/2025,1139,2027,404,0.0,258.61,22.0,Cash
599,5/4/2025,1188,2083,402,2.0,1229.06,34.0,Card
600,5/4/2025,1008,2057,403,2.0,699.17,3.0,Card
601,5/4/2025,1022,2056,401,1.0,2361.24,44.0,Venmo
602,5/4/2025,1053,2094,403,3.0,493.35,27.0,Card
603,5/4/2025,1042,2078,402,1.0,127.81,28.0,Card
604,5/4/2025,1052,2007,403,2.0,2333.56,31.0,Cash
605,5/4/2025,1152,2068,402,2.0,656.19,30.0,Cash
606,5/4/2025,1180,2037,403,2.0,288.11,22.0,Cash
607,5/4/2025,1131,2086,401,1.0,2414.07,16.0,Cash
608,5/4/2025,1192,2052,401,2.0,0.0,35.0,Cash
609,5/4/2025,1167,2016,402,1.0,290.72,31.0,Venmo
610,5/4/2025,1037,2091,403,1.0,0.0,50.0,Card
611,5/4/2025,1194,2086,404,3.0,0.0,29.0,Venmo
612,5/4/2025,1036,2073,403,3.0,1997.72,42.0,Card
613,5/4/2025,1096,2057,401,0.0,1310.94,44.0,Venmo
614,5/4/2025,1103,2065,403,2.0,376.27,30.0,Cash
615,5/4/2025,1116,2062,403,0.0,1238.72,23.0,Venmo
616,5/4/2025,1198,2093,401,3.0,0.0,13.0,Cash
617,5/4/2025,1162,2085,403,0.0,0.0,36.0,Card
618,5/4/2025,1136,2050,402,3.0,933.9,37.0,Cash
619,5/4/2025,1054,2063,403,2.0,441.97,50.0,Card
620,5/4/2025,1072,2043,402,3.0,4367.25,7.0,Venmo
621,5/4/2025,1087,2087,401,0.0,637.28,47.0,Card
622,5/4/2025,1025,2080,404,0.0,3329.04,1.0,Card
623,5/4/2025,1031,2020,404,3.0,1127.49,10.0,Venmo
624,5/4/2025,1000,2054,402,1.0,1620.92,27.0,Venmo
625,5/4/2025,1166,2038,402,2.0,2223.62,47.0,Card
626,5/4/2025,1023,2083,403,2.0,1229.06,4.0,Card
627,5/4/2025,1021,2047,402,0.0,1674.9,18.0,Venmo
628,5/4/2025,1101,2080,403,1.0,3745.17,12.0,Cash
629,5/4/2025,1109,2083,401,0.0,768.16,47.0,Card
630,5/4/2025,1000,2027,404,0.0,517.22,29.0,Card
631,5/4/2025,1033,2075,402,3.0,780.64,23.0,Cash
632,5/4/2025,1002,2001,403,0.0,824.7,39.0,Card
633,5/4/2025,1108,2088,402,3.0,3546.75,30.0,Cash
634,5/4/2025,1018,2029,404,0.0,27.02,45.0,Cash
635,5/4/2025,1187,2013,401,2.0,2993.15,10.0,Card
636,5/4/2025,1094,2038,402,3.0,926.51,17.0,Cash
637,5/4/2025,1198,2096,402,1.0,1814.89,34.0,Card
638,5/4/2025,1017,2067,401,1.0,523.71,37.0,Cash
639,5/4/2025,1112,2044,402,1.0,560.47,32.0,Venmo
640,5/4/2025,1105,2078,404,1.0,383.43,24.0,Card
641,5/4/2025,1022,2012,402,0.0,623.19,34.0,Venmo
642,5/4/2025,1150,2093,404,2.0,1814.26,44.0,Cash
643,5/4/2025,1109,2040,402,1.0,31.09,31.0,Cash
644,5/4/2025,1070,2082,401,1.0,719.82,5.0,Card
645,5/4/2025,1141,2076,403,0.0,3224.28,42.0,Cash
646,5/4/2025,1168,2038,402,1.0,1667.72,46.0,Venmo
647,5/4/2025,1191,2050,403,0.0,560.34,48.0,Venmo
648,5/4/2025,1005,2030,404,3.0,679.88,15.0,Venmo
649,5/4/2025,1028,2030,404,0.0,509.91,49.0,Card
650,5/4/2025,1135,2001,403,2.0,989.64,4.0,Venmo
651,5/4/2025,1033,2049,404,2.0,751.87,10.0,Venmo
652,5/4/2025,1139,2087,402,3.0,0.0,37.0,Card
653,5/4/2025,1197,2009,401,0.0,265.24,24.0,Venmo
654,5/4/2025,1003,2033,402,0.0,836.25,0.0,Card
655,5/4/2025,1015,2050,403,3.0,560.34,28.0,Venmo
656,5/4/2025,1108,2089,404,0.0,413.52,20.0,Card
657,5/4/2025,1163,2068,402,2.0,3280.96,37.0,Cash
658,5/4/2025,1021,2039,401,1.0,878.8,11.0,Cash
659,5/4/2025,1039,2068,403,3.0,2460.72,43.0,Card
660,5/4/2025,1150,2081,401,2.0,1193.95,45.0,Venmo
661,5/4/2025,1178,2055,402,0.0,53.94,49.0,Venmo
662,5/4/2025,1062,2011,404,0.0,0.0,38.0,Venmo
663,5/4/2025,1116,2078,401,2.0,0.0,33.0,Venmo
664,5/4/2025,1170,2094,402,0.0,986.7,34.0,Cash
665,5/4/2025,1003,2090,402,0.0,143.28,3.0,Cash
666,5/4/2025,1041,2063,403,2.0,1325.9,8.0,Card
667,5/4/2025,1042,2047,402,2.0,803.95,45.0,Card
668,5/4/2025,1187,2015,401,2.0,0.0,48.0,Card
669,5/4/2025,1109,2034,401,2.0,326.81,50.0,Cash
670,5/4/2025,1182,2073,401,3.0,499.43,39.0,Cash
671,5/4/2025,1116,2065,403,0.0,470.34,29.0,Venmo
672,5/4/2025,1127,2072,402,2.0,1008.72,24.0,Card
673,5/4/2025,1040,2032,401,0.0,0.0,33.0,Venmo
674,5/4/2025,1058,2094,401,0.0,493.35,36.0,Venmo
675,5/4/2025,1003,2031,401,3.0,1695.9,49.0,Cash
676,5/4/2025,1093,2049,402,1.0,1691.71,26.0,Card
677,5/4/2025,1009,2070,404,1.0,30.76,14.0,Venmo
678,5/4/2025,1082,2031,404,2.0,452.24,12.0,Venmo
679,5/4/2025,1069,2009,403,0.0,0.0,19.0,Cash
680,5/4/2025,1128,2086,401,1.0,804.69,22.0,Card
681,5/4/2025,1057,2066,401,3.0,1548.18,10.0,Card
682,5/4/2025,1017,2059,403,2.0,409.64,1.0,Cash
683,5/4/2025,1083,2011,404,0.0,1638.96,44.0,Venmo
684,5/4/2025,1094,2025,403,2.0,223.7,43.0,Card
685,5/4/2025,1189,2079,402,3.0,3802.16,24.0,Venmo
686,5/4/2025,1094,2075,404,1.0,702.58,2.0,Venmo
687,5/4/2025,1187,2069,402,1.0,627.45,23.0,Cash
688,5/4/2025,1001,2052,401,1.0,0.0,25.0,Venmo
689,5/4/2025,1138,2044,401,2.0,166.06,29.0,Cash
690,5/4/2025,1000,2097,404,2.0,1347.36,5.0,Cash
691,5/4/2025,1026,2026,402,3.0,211.56,45.0,Venmo
692,5/4/2025,1125,2007,402,2.0,933.42,36.0,Card
693,5/4/2025,1023,2005,402,3.0,1286.34,34.0,Card
694,5/4/2025,1179,2047,404,0.0,669.96,48.0,Venmo
695,5/4/2025,1148,2012,402,3.0,3115.95,13.0,Cash
696,5/4/2025,1019,2075,401,3.0,2341.92,39.0,Card
697,5/4/2025,1169,2016,402,2.0,775.25,3.0,Venmo
698,5/4/2025,1066,2040,404,2.0,55.26,20.0,Card
699,5/4/2025,1081,2057,403,1.0,393.28,12.0,Venmo
700,5/4/2025,1019,2025,402,0.0,559.24,17.0,Card
701,5/4/2025,1039,2013,402,3.0,4676.8,12.0,Cash
702,5/4/2025,1119,2040,404,0.0,69.08,34.0,Card
703,5/4/2025,1137,2045,402,3.0,0.0,7.0,Venmo
704,5/4/2025,1078,2059,403,0.0,1536.15,36.0,Card
705,5/4/2025,1023,2020,403,0.0,0.0,2.0,Venmo
706,5/4/2025,1055,2041,402,0.0,4021.05,26.0,Cash
707,5/4/2025,1182,2031,403,3.0,1695.9,42.0,Card
708,5/4/2025,1131,2006,403,2.0,475.2,7.0,Cash
709,5/4/2025,1044,2003,404,3.0,1155.54,25.0,Venmo
710,5/4/2025,1142,2095,402,0.0,2453.95,17.0,Venmo
711,5/4/2025,1118,2013,402,0.0,1870.72,32.0,Cash
712,5/4/2025,1003,2007,402,1.0,1050.1,49.0,Cash
713,5/4/2025,1050,2051,403,0.0,117.32,11.0,Venmo
714,5/4/2025,1149,2075,403,0.0,780.64,33.0,Cash
715,5/4/2025,1005,2008,402,3.0,466.13,15.0,Venmo
716,5/4/2025,1032,2011,403,0.0,409.74,49.0,Venmo
717,5/4/2025,1010,2059,401,1.0,921.69,39.0,Cash
718,5/4/2025,1146,2055,404,3.0,0.0,34.0,Card
719,5/4/2025,1007,2048,404,1.0,1287.47,4.0,Venmo
720,5/4/2025,1090,2027,402,2.0,413.78,47.0,Card
721,5/4/2025,1071,2057,402,0.0,1310.94,0.0,Venmo
722,5/4/2025,1157,2079,402,2.0,2281.3,43.0,Venmo
723,5/4/2025,1127,2052,404,0.0,2193.78,45.0,Card
724,5/4/2025,1022,2035,404,1.0,1619.98,8.0,Venmo
725,5/4/2025,1107,2025,402,0.0,279.62,18.0,Card
726,5/4/2025,1097,2091,403,3.0,2717.37,46.0,Card
727,5/4/2025,1139,2062,403,2.0,1486.46,49.0,Venmo
728,5/4/2025,1099,2034,402,0.0,408.51,3.0,Card
729,5/4/2025,1081,2076,402,0.0,2418.21,39.0,Venmo
730,5/4/2025,1199,2035,401,3.0,2699.97,38.0,Cash
731,5/4/2025,1135,2045,402,1.0,842.78,34.0,Cash
732,5/4/2025,1025,2031,402,2.0,904.48,5.0,Cash
733,5/4/2025,1136,2094,401,1.0,0.0,12.0,Cash
734,5/4/2025,1147,2049,403,1.0,3383.42,18.0,Cash
735,5/4/2025,1045,2030,403,2.0,407.93,37.0,Cash
736,5/4/2025,1151,2003,403,1.0,693.32,21.0,Venmo
737,5/4/2025,1144,2024,404,2.0,298.25,40.0,Venmo
738,5/4/2025,1044,2062,401,0.0,1238.72,41.0,Venmo
739,5/4/2025,1014,2029,402,0.0,13.51,32.0,Cash
740,5/4/2025,1134,2061,401,2.0,639.74,25.0,Cash
741,5/4/2025,1157,2025,402,2.0,671.09,36.0,Card
742,5/4/2025,1183,2022,403,0.0,2684.72,2.0,Card
743,5/4/2025,1005,2018,402,0.0,542.26,27.0,Cash
744,5/4/2025,1134,2046,401,2.0,53.49,12.0,Venmo
745,5/4/2025,1180,2084,404,0.0,281.85,22.0,Card
746,5/4/2025,1086,2038,403,1.0,1667.72,37.0,Cash
747,5/4/2025,1040,2093,404,3.0,755.94,25.0,Card
748,5/4/2025,1166,2040,402,2.0,27.63,49.0,Cash
749,5/4/2025,1057,2085,402,3.0,1452.9,9.0,Card
750,5/4/2025,1078,2093,403,1.0,0.0,44.0,Card
751,5/4/2025,1045,2093,401,3.0,2267.82,22.0,Venmo
752,5/4/2025,1197,2072,401,1.0,1513.08,32.0,Card
753,5/4/2025,1154,2040,402,0.0,69.08,0.0,Venmo
754,5/4/2025,1127,2018,403,0.0,0.0,12.0,Card
755,5/4/2025,1060,2044,403,1.0,934.11,1.0,Cash
756,5/4/2025,1162,2011,403,3.0,1229.22,13.0,Card
757,5/4/2025,1002,2033,402,1.0,3010.5,48.0,Venmo
758,5/4/2025,1177,2008,403,2.0,159.82,5.0,Card
759,5/4/2025,1027,2092,401,0.0,482.21,10.0,Cash
760,5/4/2025,1098,2056,404,1.0,944.5,33.0,Card
761,5/4/2025,1105,2063,404,2.0,2209.84,28.0,Card
762,5/4/2025,1139,2048,401,3.0,357.63,8.0,Card
763,5/4/2025,1147,2083,402,1.0,691.34,12.0,Venmo
764,5/4/2025,1115,2009,401,2.0,53.05,46.0,Cash
765,5/4/2025,1005,2040,403,0.0,103.62,4.0,Card
766,5/4/2025,1018,2043,402,3.0,2620.35,44.0,Cash
767,5/4/2025,1041,2093,401,0.0,755.94,12.0,Card
768,5/4/2025,1086,2076,404,0.0,0.0,43.0,Card
769,5/4/2025,1110,2083,402,3.0,768.16,0.0,Cash
770,5/4/2025,1040,2006,401,2.0,0.0,33.0,Cash
771,5/4/2025,1052,2024,404,2.0,298.25,33.0,Card
772,5/4/2025,1169,2036,403,1.0,392.36,8.0,Cash
773,5/4/2025,1024,2006,404,3.0,0.0,46.0,Cash
774,5/4/2025,1039,2006,403,0.0,198.0,49.0,Venmo
775,5/4/2025,1109,2011,403,3.0,1638.96,23.0,Cash
776,5/4/2025,1051,2012,401,1.0,1121.74,5.0,Venmo
777,5/4/2025,1043,2081,403,0.0,746.22,4.0,Venmo
778,5/4/2025,1121,2014,403,3.0,985.2,24.0,Cash
779,5/4/2025,1120,2062,403,0.0,2477.44,14.0,Cash
780,5/4/2025,1164,2069,404,1.0,0.0,30.0,Venmo
781,5/4/2025,1094,2048,403,1.0,321.87,29.0,Card
782,5/4/2025,1114,2005,403,3.0,428.78,27.0,Card
783,5/4/2025,1119,2033,402,2.0,1338.0,14.0,Cash
784,5/4/2025,1144,2007,402,0.0,1166.78,1.0,Venmo
785,5/4/2025,1021,2085,403,3.0,0.0,8.0,Card
786,5/4/2025,1193,2075,402,0.0,1561.28,19.0,Cash
787,5/4/2025,1099,2066,404,3.0,0.0,29.0,Cash
788,5/4/2025,1146,2030,404,2.0,543.9,11.0,Card
789,5/4/2025,1020,2050,401,1.0,168.1,35.0,Venmo
790,5/4/2025,1030,2096,404,1.0,3024.81,10.0,Cash
791,5/4/2025,1042,2027,402,1.0,232.75,21.0,Venmo
792,5/4/2025,1010,2054,401,3.0,900.51,33.0,Cash
793,5/4/2025,1051,2080,402,2.0,0.0,49.0,Cash
794,5/4/2025,1081,2093,401,0.0,755.94,28.0,Cash
795,5/4/2025,1099,2071,404,2.0,984.26,7.0,Venmo
796,5/4/2025,1070,2066,404,0.0,0.0,45.0,Card
797,5/4/2025,1179,2079,404,0.0,2851.62,13.0,Venmo
798,5/4/2025,1106,2019,402,0.0,3735.72,45.0,Cash
799,5/4/2025,1027,2072,401,2.0,672.48,44.0,Cash
800,5/4/2025,1137,2044,404,2.0,830.32,16.0,Card
801,5/4/2025,1098,2083,404,3.0,2304.48,42.0,Cash
802,5/4/2025,1009,2022,403,3.0,2684.72,23.0,Card
803,5/4/2025,1036,2079,404,0.0,950.54,35.0,Card
804,5/4/2025,1101,2042,402,0.0,335.22,37.0,Card
805,5/4/2025,1190,2060,403,2.0,0.0,50.0,Card
806,5/4/2025,1005,2043,403,2.0,2096.28,17.0,Cash
807,5/4/2025,1071,2062,401,1.0,557.42,36.0,Venmo
808,5/4/2025,1034,2038,404,2.0,2223.62,9.0,Venmo
809,5/4/2025,1068,2093,404,0.0,2267.82,15.0,Cash
810,5/4/2025,1048,2056,402,3.0,524.72,12.0,Venmo
811,5/4/2025,1189,2062,403,0.0,1858.08,29.0,Venmo
812,5/4/2025,1131,2020,401,2.0,0.0,11.0,Cash
813,5/4/2025,1181,2064,404,1.0,264.64,31.0,Card
814,5/4/2025,1199,2067,401,1.0,0.0,42.0,Cash
815,5/4/2025,1049,2025,401,1.0,503.32,24.0,Card
816,5/4/2025,1008,2058,401,2.0,533.4,17.0,Card
817,5/4/2025,1180,2025,403,2.0,894.78,28.0,Venmo
818,5/4/2025,1118,2064,404,0.0,882.12,18.0,Cash
819,5/4/2025,1174,2003,402,2.0,308.14,49.0,Cash
820,5/4/2025,1125,2076,404,1.0,725.46,46.0,Venmo
821,5/4/2025,1121,2075,403,2.0,2498.05,11.0,Card
822,5/4/2025,1041,2033,401,2.0,669.0,8.0,Card
823,5/4/2025,1007,2049,401,1.0,845.86,6.0,Cash
824,5/4/2025,1146,2099,402,1.0,581.69,3.0,Cash
825,5/4/2025,1165,2028,402,2.0,1531.06,16.0,Card
826,5/4/2025,1166,2052,401,0.0,731.26,37.0,Card
827,5/4/2025,1121,2016,402,0.0,646.04,15.0,Cash
828,5/4/2025,1057,2032,403,2.0,3782.4,24.0,Cash
829,5/4/2025,1108,2048,403,3.0,357.63,35.0,Venmo
830,5/4/2025,1064,2027,404,2.0,413.78,16.0,Cash
831,5/4/2025,1173,2066,404,0.0,2580.3,6.0,Cash
832,5/4/2025,1001,2065,403,2.0,376.27,1.0,Card
833,5/4/2025,1076,2087,401,3.0,796.6,31.0,Venmo
834,5/4/2025,1016,2043,403,2.0,2795.04,19.0,Cash
835,5/4/2025,1070,2033,403,1.0,752.62,23.0,Venmo
836,5/4/2025,1038,2066,402,0.0,1032.12,46.0,Venmo
837,5/4/2025,1153,2051,403,1.0,316.76,3.0,Cash
838,5/4/2025,1184,2003,404,2.0,1848.86,11.0,Venmo
839,5/4/2025,1066,2053,404,3.0,0.0,37.0,Card
840,5/4/2025,1188,2004,402,2.0,2967.2,5.0,Card
841,5/4/2025,1185,2091,402,3.0,3623.16,48.0,Card
842,5/4/2025,1171,2045,403,1.0,280.93,16.0,Venmo
843,5/4/2025,1168,2071,402,2.0,1968.51,22.0,Cash
844,5/4/2025,1024,2060,402,2.0,326.7,27.0,Cash
845,5/4/2025,1185,2071,402,2.0,984.26,44.0,Card
846,5/4/2025,1167,2011,402,2.0,327.79,15.0,Venmo
847,5/4/2025,1057,2095,403,3.0,2453.95,34.0,Cash
848,5/4/2025,1084,2047,403,2.0,803.95,40.0,Card
849,5/4/2025,1118,2015,404,0.0,4049.82,3.0,Card
850,5/4/2025,1162,2074,401,3.0,659.5,15.0,Cash
851,5/4/2025,1049,2064,401,3.0,882.12,14.0,Cash
852,5/4/2025,1135,2038,404,0.0,926.51,20.0,Card
853,5/4/2025,1038,2017,402,2.0,741.92,4.0,Venmo
854,5/4/2025,1104,2072,404,1.0,1134.81,37.0,Cash
855,5/4/2025,1080,2091,402,0.0,2717.37,30.0,Card
856,5/4/2025,1124,2042,402,2.0,0.0,23.0,Card
857,5/4/2025,1162,2007,401,3.0,583.39,20.0,Venmo
858,5/4/2025,1070,2026,402,1.0,190.4,32.0,Cash
859,5/4/2025,1125,2097,401,1.0,3031.56,15.0,Card
860,5/4/2025,1157,2055,404,3.0,53.94,45.0,Venmo
861,5/4/2025,1109,2061,404,0.0,799.68,8.0,Venmo
862,5/4/2025,1009,2068,402,2.0,0.0,35.0,Venmo
863,5/4/2025,1003,2041,402,0.0,2412.63,38.0,Venmo
864,5/4/2025,1173,2000,402,1.0,872.38,1.0,Venmo
865,5/4/2025,1177,2044,403,1.0,373.64,40.0,Venmo
866,5/4/2025,1026,2049,403,1.0,3383.42,34.0,Cash
867,5/4/2025,1016,2005,403,2.0,686.05,40.0,Venmo
868,5/4/2025,1116,2093,403,3.0,755.94,34.0,Cash
869,5/4/2025,1175,2017,403,3.0,463.7,32.0,Card
870,5/4/2025,1091,2096,402,1.0,1209.92,14.0,Card
871,5/4/2025,1103,2002,402,1.0,779.4,35.0,Venmo
872,5/4/2025,1186,2016,402,0.0,646.04,23.0,Venmo
873,5/4/2025,1150,2064,402,0.0,294.04,0.0,Cash
874,5/4/2025,1093,2091,401,3.0,2717.37,43.0,Venmo
875,5/4/2025,1163,2032,401,0.0,0.0,49.0,Venmo
876,5/4/2025,1169,2013,401,0.0,935.36,39.0,Venmo
877,5/4/2025,1176,2014,404,3.0,1231.5,29.0,Card
878,5/4/2025,1097,2015,403,3.0,2699.88,23.0,Venmo
879,5/4/2025,1179,2019,402,0.0,1867.86,36.0,Cash
880,5/4/2025,1077,2053,401,2.0,976.24,22.0,Venmo
881,5/4/2025,1159,2077,402,3.0,561.83,14.0,Cash
882,5/4/2025,1026,2065,401,2.0,1881.36,17.0,Cash
883,5/4/2025,1029,2013,404,1.0,0.0,16.0,Cash
884,5/4/2025,1155,2025,403,1.0,503.32,6.0,Cash
885,5/4/2025,1091,2090,404,2.0,171.94,32.0,Cash
886,5/4/2025,1041,2005,404,1.0,385.9,6.0,Cash
887,5/4/2025,1176,2061,403,1.0,359.86,43.0,Venmo
888,5/4/2025,1000,2001,401,0.0,1649.4,0.0,Cash
889,5/4/2025,1146,2085,404,1.0,653.81,48.0,Cash
890,5/4/2025,1023,2099,401,0.0,1292.64,35.0,Cash
891,5/4/2025,1065,2082,402,3.0,266.6,12.0,Cash
892,5/4/2025,1075,2033,404,0.0,2508.75,27.0,Cash
893,5/4/2025,1025,2022,401,2.0,1073.89,38.0,Cash
894,5/4/2025,1092,2086,403,3.0,894.1,24.0,Cash
895,5/4/2025,1189,2014,401,0.0,0.0,20.0,Cash
896,5/4/2025,1002,2017,402,2.0,0.0,16.0,Card
897,5/4/2025,1091,2056,403,0.0,1049.44,18.0,Venmo
898,5/4/2025,1095,2043,402,0.0,0.0,33.0,Card
899,5/4/2025,1102,2051,404,2.0,93.86,11.0,Cash
900,5/4/2025,1098,2088,404,3.0,0.0,26.0,Venmo
901,5/4/2025,1166,2021,401,1.0,0.0,48.0,Venmo
902,5/4/2025,1178,2092,401,1.0,867.98,42.0,Cash
903,5/4/2025,1026,2053,404,3.0,1830.45,26.0,Venmo
904,5/4/2025,1046,2078,404,2.0,454.43,12.0,Venmo
905,5/4/2025,1156,2003,402,3.0,1925.9,17.0,Cash
906,5/4/2025,1124,2014,404,3.0,0.0,8.0,Venmo
907,5/4/2025,1011,2008,403,2.0,106.54,4.0,Cash
908,5/4/2025,1003,2090,402,2.0,57.31,7.0,Venmo
909,5/4/2025,1132,2066,401,3.0,1548.18,9.0,Venmo
910,5/4/2025,1169,2093,402,3.0,755.94,3.0,Card
911,5/4/2025,1088,2084,404,1.0,0.0,24.0,Cash
912,5/4/2025,1142,2078,401,0.0,568.04,2.0,Card
913,5/4/2025,1164,2020,404,3.0,1879.15,50.0,Cash
914,5/4/2025,1042,2009,404,2.0,53.05,12.0,Cash
915,5/4/2025,1061,2042,403,0.0,167.61,19.0,Venmo
916,5/4/2025,1129,2028,404,3.0,2551.76,17.0,Venmo
917,5/4/2025,1060,2010,404,3.0,544.88,50.0,Card
918,5/4/2025,1146,2057,401,3.0,436.98,6.0,Venmo
919,5/4/2025,1114,2040,401,3.0,34.54,21.0,Venmo
920,5/4/2025,1190,2083,401,0.0,2304.48,6.0,Venmo
921,5/4/2025,1103,2052,401,0.0,2193.78,22.0,Card
922,5/4/2025,1023,2077,403,1.0,505.65,41.0,Venmo
923,5/4/2025,1167,2085,404,2.0,387.44,30.0,Venmo
924,5/4/2025,1093,2006,402,3.0,594.0,39.0,Cash
925,5/4/2025,1084,2071,404,2.0,492.13,33.0,Card
926,5/4/2025,1183,2057,401,0.0,873.96,44.0,Venmo
927,5/4/2025,1194,2084,402,0.0,563.7,39.0,Card
928,5/4/2025,1087,2045,403,2.0,499.42,0.0,Venmo
929,5/4/2025,1179,2013,401,1.0,1683.65,8.0,Cash
930,5/4/2025,1126,2017,404,0.0,927.4,26.0,Card
931,5/4/2025,1065,2078,402,1.0,127.81,37.0,Cash
932,5/4/2025,1030,2050,402,3.0,186.78,25.0,Cash
933,5/4/2025,1005,2024,403,0.0,621.35,16.0,Cash
934,5/4/2025,1193,2053,401,0.0,1830.45,22.0,Cash
935,5/4/2025,1197,2057,404,1.0,1179.85,27.0,Cash
936,5/4/2025,1127,2000,401,3.0,969.31,23.0,Card
937,5/4/2025,1149,2061,402,1.0,359.86,25.0,Cash
938,5/4/2025,1187,2016,401,3.0,2584.16,43.0,Cash
939,5/4/2025,1168,2076,403,3.0,2418.21,4.0,Cash
940,5/4/2025,1107,2077,402,2.0,898.93,20.0,Card
941,5/4/2025,1101,2043,403,3.0,3493.8,9.0,Card
942,5/4/2025,1034,2017,404,2.0,0.0,37.0,Card
943,5/4/2025,1179,2070,403,1.0,61.52,34.0,Cash
944,5/4/2025,1051,2026,403,2.0,338.5,28.0,Card
945,5/4/2025,1172,2016,402,2.0,516.83,2.0,Card
946,5/4/2025,1181,2014,403,3.0,246.3,28.0,Card
947,5/4/2025,1149,2073,404,2.0,799.09,4.0,Venmo
948,5/4/2025,1108,2001,401,0.0,412.35,30.0,Venmo
949,5/4/2025,1097,2018,401,0.0,1084.52,27.0,Card
950,5/4/2025,1051,2034,402,2.0,217.87,11.0,Cash
951,5/4/2025,1174,2032,402,0.0,4728.0,36.0,Venmo
952,5/4/2025,1176,2037,402,0.0,720.28,13.0,Cash
953,5/4/2025,1091,2057,401,1.0,786.56,36.0,Cash
954,5/4/2025,1190,2082,404,1.0,239.94,15.0,Card
955,5/4/2025,1130,2089,403,0.0,413.52,22.0,Cash
956,5/4/2025,1097,2049,404,2.0,0.0,36.0,Cash
957,5/4/2025,1141,2006,401,2.0,0.0,41.0,Card
958,5/4/2025,1051,2079,404,1.0,1710.97,43.0,Cash
959,5/4/2025,1162,2090,403,1.0,257.9,5.0,Cash
960,5/4/2025,1198,2092,402,2.0,771.54,25.0,Cash
961,5/4/2025,1114,2022,401,1.0,3020.31,26.0,Cash
962,5/4/2025,1044,2094,401,3.0,493.35,48.0,Venmo
963,5/4/2025,1010,2054,403,2.0,720.41,32.0,Card
964,5/4/2025,1033,2020,403,0.0,751.66,21.0,Card
965,5/4/2025,1084,2059,402,0.0,0.0,16.0,Venmo
966,5/4/2025,1039,2041,401,2.0,0.0,17.0,Card
967,5/4/2025,1125,2073,403,0.0,1997.72,11.0,Card
968,5/4/2025,1005,2090,403,1.0,193.43,42.0,Venmo
969,5/4/2025,1047,2066,401,1.0,464.45,5.0,Cash
970,5/4/2025,1106,2069,404,0.0,464.78,35.0,Cash
971,5/4/2025,1089,2028,402,2.0,0.0,29.0,Cash
972,5/4/2025,1084,2046,403,1.0,0.0,28.0,Cash
973,5/4/2025,1192,2079,404,0.0,950.54,10.0,Cash
974,5/4/2025,1029,2085,403,3.0,726.45,8.0,Cash
975,5/4/2025,1061,2082,402,0.0,533.2,39.0,Cash
976,5/4/2025,1174,2041,404,0.0,804.21,23.0,Card
977,5/4/2025,1098,2032,403,0.0,0.0,27.0,Cash
978,5/4/2025,1132,2098,403,3.0,3631.44,29.0,Venmo
979,5/4/2025,1124,2005,403,1.0,1157.71,5.0,Card
980,5/4/2025,1082,2065,401,0.0,1411.02,11.0,Venmo
981,5/4/2025,1042,2098,401,0.0,4539.3,11.0,Venmo
982,5/4/2025,1053,2085,402,3.0,726.45,26.0,Cash
983,5/4/2025,1026,2026,404,0.0,423.12,23.0,Card
984,5/4/2025,1191,2087,402,0.0,477.96,45.0,Card
985,5/4/2025,1117,2091,403,0.0,1811.58,49.0,Card
986,5/4/2025,1022,2009,401,1.0,119.36,37.0,Venmo
987,5/4/2025,1064,2071,401,1.0,1107.29,35.0,Cash
988,5/4/2025,1066,2052,404,3.0,5118.82,29.0,Card
989,5/4/2025,1161,2051,404,2.0,375.42,12.0,Venmo
990,5/4/2025,1004,2049,401,0.0,939.84,43.0,Venmo
991,5/4/2025,1164,2092,401,0.0,2893.26,21.0,Venmo
992,5/4/2025,1179,2009,403,0.0,66.31,0.0,Venmo
993,5/4/2025,1074,2087,403,0.0,477.96,10.0,Venmo
994,5/4/2025,1072,2097,404,3.0,842.1,33.0,Cash
995,5/4/2025,1101,2084,401,3.0,1127.4,19.0,Card
996,5/4/2025,1040,2068,402,1.0,2952.86,38.0,Card
997,5/4/2025,1191,2050,403,1.0,504.31,2.0,Venmo
998,5/4/2025,1076,2086,403,0.0,2682.3,7.0,Cash
999,5/4/2025,1141,2071,402,0.0,1230.32,6.0,Venmo
1000,5/4/2025,1010,2000,404,0.0,3877.24,31.0,Venmo
1001,5/4/2025,1078,2026,403,1.0,761.62,44.0,Cash
1002,5/4/2025,1105,2082,402,1.0,239.94,28.0,Cash
1003,5/4/2025,1047,2028,403,1.0,1148.29,27.0,Venmo
1004,5/4/2025,1029,2023,401,3.0,2818.62,24.0,Venmo
1005,5/4/2025,1165,2070,401,2.0,54.69,46.0,Cash
1006,5/4/2025,1171,2008,403,0.0,133.18,50.0,Cash
1007,5/4/2025,1050,2092,404,2.0,771.54,42.0,Venmo
1008,5/4/2025,1091,2016,402,0.0,1292.08,17.0,Cash
1009,5/4/2025,1072,2079,401,1.0,855.49,1.0,Venmo
1010,5/4/2025,1081,2062,404,2.0,495.49,19.0,Cash
1011,5/4/2025,1157,2084,403,1.0,253.67,34.0,Card
1012,5/4/2025,1144,2072,403,2.0,672.48,47.0,Cash
1013,5/4/2025,1109,2021,401,2.0,668.33,38.0,Venmo
1014,5/4/2025,1063,2028,404,2.0,510.35,37.0,Card
1015,5/4/2025,1092,2017,403,3.0,1854.8,25.0,Venmo
1016,5/4/2025,1118,2057,403,2.0,699.17,38.0,Cash
1017,5/4/2025,1124,2070,401,1.0,30.76,19.0,Card
1018,5/4/2025,1165,2077,401,2.0,449.46,15.0,Card
1019,5/4/2025,1035,2068,402,2.0,1968.58,44.0,Venmo
1020,5/4/2025,1187,2080,401,0.0,0.0,12.0,Venmo
1021,5/4/2025,1004,2064,401,3.0,882.12,49.0,Card
1022,5/4/2025,1196,2075,402,0.0,2341.92,18.0,Venmo
1023,5/4/2025,1141,2033,404,1.0,0.0,14.0,Card
1024,5/4/2025,1093,2050,402,2.0,448.27,48.0,Card
1025,5/4/2025,1034,2059,401,3.0,1536.15,47.0,Card
1026,5/4/2025,1093,2064,401,1.0,793.91,5.0,Venmo
1027,5/4/2025,1157,2087,402,1.0,286.78,21.0,Cash
1028,5/4/2025,1114,2020,402,1.0,676.49,32.0,Cash
1029,5/4/2025,1188,2093,404,2.0,1814.26,46.0,Cash
1030,5/4/2025,1010,2028,404,1.0,1148.29,11.0,Card
1031,5/4/2025,1016,2033,403,1.0,2257.88,47.0,Cash
1032,5/4/2025,1010,2085,402,2.0,387.44,39.0,Venmo
1033,5/4/2025,1099,2060,404,0.0,0.0,19.0,Cash
1034,5/4/2025,1010,2083,403,0.0,768.16,16.0,Venmo
1035,5/4/2025,1180,2066,403,2.0,1238.54,2.0,Venmo
1036,5/4/2025,1148,2069,402,3.0,697.17,50.0,Venmo
1037,5/4/2025,1167,2048,403,0.0,1072.89,24.0,Card
1038,5/4/2025,1132,2032,404,1.0,851.04,48.0,Cash
1039,5/4/2025,1132,2051,403,2.0,187.71,14.0,Card
1040,5/4/2025,1124,2061,401,1.0,0.0,45.0,Venmo
1041,5/4/2025,1112,2021,402,0.0,835.41,26.0,Card
1042,5/4/2025,1131,2082,403,1.0,239.94,10.0,Venmo
1043,5/4/2025,1038,2023,402,2.0,0.0,28.0,Venmo
1044,5/4/2025,1154,2091,401,1.0,3260.84,7.0,Cash
1045,5/4/2025,1106,2042,401,3.0,1173.27,22.0,Cash
1046,5/4/2025,1172,2061,404,1.0,719.71,38.0,Venmo
1047,5/4/2025,1151,2020,404,0.0,1127.49,29.0,Cash
1048,5/4/2025,1062,2005,402,1.0,385.9,15.0,Venmo
1049,5/4/2025,1034,2080,401,1.0,2996.14,1.0,Venmo
1050,5/4/2025,1014,2021,403,1.0,1503.74,32.0,Cash
1051,5/4/2025,1132,2051,401,2.0,281.57,40.0,Cash
1052,5/4/2025,1021,2027,404,3.0,775.83,5.0,Venmo
1053,5/4/2025,1123,2021,402,3.0,0.0,40.0,Venmo
1054,5/4/2025,1153,2018,402,2.0,867.62,5.0,Venmo
1055,5/4/2025,1042,2092,403,3.0,1446.63,48.0,Cash
1056,5/4/2025,1152,2075,401,1.0,2107.73,29.0,Venmo
1057,5/4/2025,1096,2049,402,0.0,939.84,23.0,Card
1058,5/4/2025,1004,2025,404,1.0,0.0,37.0,Cash
1059,5/4/2025,1155,2012,402,3.0,623.19,22.0,Cash
1060,5/4/2025,1157,2076,401,0.0,2418.21,39.0,Venmo
1061,5/4/2025,1023,2061,402,0.0,199.92,49.0,Cash
1062,5/4/2025,1198,2086,404,3.0,894.1,2.0,Card
1063,5/4/2025,1094,2005,404,1.0,771.8,32.0,Card
1064,5/4/2025,1123,2098,404,2.0,3631.44,15.0,Card
1065,5/4/2025,1150,2094,401,3.0,2466.75,2.0,Venmo
1066,5/4/2025,1034,2032,404,1.0,1702.08,33.0,Card
1067,5/4/2025,1021,2036,404,2.0,348.77,32.0,Card
1068,5/4/2025,1048,2000,401,0.0,4846.55,27.0,Card
1069,5/4/2025,1133,2000,404,1.0,872.38,17.0,Cash
1070,5/4/2025,1176,2040,404,2.0,55.26,46.0,Card
1071,5/4/2025,1027,2019,404,2.0,747.14,28.0,Cash
1072,5/4/2025,1066,2068,404,2.0,1968.58,16.0,Venmo
1073,5/4/2025,1156,2035,404,1.0,0.0,25.0,Venmo
1074,5/4/2025,1105,2070,404,1.0,0.0,32.0,Card
1075,5/4/2025,1094,2071,404,2.0,984.26,27.0,Cash
1076,5/4/2025,1078,2073,403,3.0,499.43,27.0,Venmo
1077,5/4/2025,1188,2017,401,1.0,417.33,0.0,Card
1078,5/4/2025,1114,2089,402,0.0,827.04,47.0,Card
1079,5/4/2025,1054,2065,404,2.0,376.27,37.0,Cash
1080,5/4/2025,1140,2078,401,1.0,255.62,42.0,Card
1081,5/4/2025,1099,2081,401,0.0,1492.44,8.0,Card
1082,5/4/2025,1037,2060,404,0.0,1225.14,18.0,Venmo
1083,5/4/2025,1016,2033,402,2.0,2007.0,49.0,Cash
1084,5/4/2025,1020,2077,401,3.0,561.83,20.0,Venmo
1085,5/4/2025,1102,2078,403,0.0,142.01,38.0,Cash
1086,5/4/2025,1198,2022,404,3.0,671.18,31.0,Cash
1087,5/4/2025,1002,2025,403,1.0,503.32,48.0,Cash
1088,5/4/2025,1008,2076,402,1.0,1450.93,21.0,Cash
1089,5/4/2025,1172,2004,403,1.0,834.52,17.0,Venmo
1090,5/4/2025,1167,2000,402,0.0,969.31,49.0,Venmo
1091,5/4/2025,1070,2099,404,2.0,1551.17,50.0,Cash
1092,5/4/2025,1171,2050,404,1.0,168.1,22.0,Card
1093,5/4/2025,1132,2001,401,0.0,2061.75,24.0,Venmo
1094,5/4/2025,1140,2036,403,2.0,348.77,25.0,Card
1095,5/4/2025,1070,2028,402,3.0,2551.76,4.0,Card
1096,5/4/2025,1103,2073,401,2.0,0.0,9.0,Venmo
1097,5/4/2025,1044,2052,401,0.0,2193.78,31.0,Card
1098,5/4/2025,1128,2037,403,0.0,0.0,40.0,Venmo
1099,5/4/2025,1131,2032,403,3.0,4728.0,8.0,Venmo
1100,5/4/2025,1096,2072,404,1.0,378.27,6.0,Card
1101,5/4/2025,1193,2043,404,3.0,2620.35,33.0,Venmo
1102,5/4/2025,1150,2003,404,0.0,1155.54,20.0,Card
1103,5/4/2025,1066,2008,404,1.0,59.93,24.0,Cash
1104,5/4/2025,1173,2089,402,2.0,0.0,11.0,Venmo
1105,5/4/2025,1105,2045,401,2.0,499.42,42.0,Cash
1106,5/4/2025,1063,2036,401,3.0,653.94,45.0,Venmo
1107,5/4/2025,1172,2095,403,0.0,981.58,1.0,Cash
1108,5/4/2025,1141,2022,404,2.0,0.0,31.0,Venmo
1109,5/4/2025,1090,2027,403,1.0,698.25,41.0,Card
1110,5/4/2025,1191,2087,402,3.0,955.92,33.0,Cash
1111,5/4/2025,1188,2025,402,1.0,251.66,34.0,Cash
1112,5/4/2025,1067,2026,402,1.0,380.81,17.0,Venmo
1113,5/4/2025,1063,2079,403,1.0,1710.97,10.0,Venmo
1114,5/4/2025,1199,2013,401,0.0,5612.16,6.0,Venmo
1115,5/4/2025,1173,2084,404,0.0,281.85,40.0,Venmo
1116,5/4/2025,1195,2069,401,3.0,697.17,50.0,Cash
1117,5/4/2025,1095,2079,403,3.0,950.54,35.0,Card
1118,5/4/2025,1147,2035,404,1.0,809.99,9.0,Venmo
1119,5/4/2025,1195,2065,403,3.0,1411.02,18.0,Cash
1120,5/4/2025,1056,2096,402,0.0,0.0,26.0,Venmo
1121,5/4/2025,1134,2054,404,0.0,3602.04,7.0,Venmo
1122,5/4/2025,1128,2044,404,1.0,373.64,9.0,Card
1123,5/4/2025,1117,2015,404,2.0,1619.93,27.0,Card
1124,5/4/2025,1176,2001,401,1.0,371.12,22.0,Cash
1125,5/4/2025,1097,2074,401,2.0,527.6,17.0,Cash
1126,5/4/2025,1092,2078,403,1.0,383.43,8.0,Card
1127,5/4/2025,1140,2033,402,2.0,1338.0,41.0,Cash
1128,5/4/2025,1120,2078,403,2.0,227.22,38.0,Cash
1129,5/4/2025,1047,2063,404,1.0,0.0,40.0,Card
1130,5/4/2025,1107,2089,403,2.0,330.82,39.0,Cash
1131,5/4/2025,1102,2035,404,1.0,1619.98,1.0,Venmo
1132,5/4/2025,1146,2016,402,0.0,0.0,14.0,Venmo
1133,5/4/2025,1184,2034,402,3.0,680.85,9.0,Venmo
1134,5/4/2025,1097,2025,402,1.0,1258.29,10.0,Venmo
1135,5/4/2025,1121,2001,402,3.0,0.0,40.0,Cash
1136,5/4/2025,1127,2017,403,3.0,0.0,15.0,Venmo
1137,5/4/2025,1076,2032,401,3.0,6619.2,35.0,Cash
1138,5/4/2025,1025,2088,402,0.0,0.0,31.0,Cash
1139,5/4/2025,1055,2032,404,0.0,945.6,6.0,Card
1140,5/4/2025,1115,2095,403,2.0,0.0,28.0,Card
1141,5/4/2025,1092,2046,403,2.0,80.23,27.0,Venmo
1142,5/4/2025,1005,2052,401,2.0,1170.02,26.0,Card
1143,5/4/2025,1173,2077,402,1.0,1516.94,45.0,Card
1144,5/4/2025,1199,2036,403,2.0,871.92,1.0,Venmo
1145,5/4/2025,1172,2065,404,3.0,2822.04,22.0,Card
1146,5/4/2025,1020,2048,403,3.0,1072.89,47.0,Venmo
1147,5/4/2025,1161,2018,402,2.0,1301.42,15.0,Venmo
1148,5/4/2025,1107,2080,404,0.0,4993.56,12.0,Venmo
1149,5/4/2025,1020,2020,403,1.0,1014.74,18.0,Cash
1150,5/4/2025,1080,2040,403,2.0,55.26,29.0,Cash
1151,5/4/2025,1154,2082,404,2.0,639.84,25.0,Card
1152,5/4/2025,1113,2099,403,3.0,646.32,0.0,Venmo
1153,5/4/2025,1105,2021,402,0.0,835.41,34.0,Cash
1154,5/4/2025,1032,2093,402,2.0,2419.01,23.0,Card
1155,5/4/2025,1190,2089,401,1.0,0.0,32.0,Card
1156,5/4/2025,1042,2050,401,0.0,1120.68,47.0,Venmo
1157,5/4/2025,1016,2060,401,0.0,816.76,22.0,Cash
1158,5/4/2025,1197,2050,401,0.0,560.34,36.0,Venmo
1159,5/4/2025,1067,2079,402,0.0,1901.08,10.0,Card
1160,5/4/2025,1167,2049,403,1.0,0.0,15.0,Cash
1161,5/4/2025,1063,2094,403,3.0,493.35,38.0,Card
1162,5/4/2025,1160,2016,402,1.0,1162.87,28.0,Cash
1163,5/4/2025,1007,2004,403,2.0,2225.4,17.0,Cash
1164,5/4/2025,1121,2059,403,3.0,2048.2,33.0,Venmo
1165,5/4/2025,1034,2089,402,3.0,2481.12,7.0,Card
1166,5/4/2025,1161,2095,404,2.0,392.63,41.0,Venmo
1167,5/4/2025,1088,2061,402,0.0,799.68,40.0,Venmo
1168,5/4/2025,1113,2039,403,3.0,976.44,8.0,Card
1169,5/4/2025,1066,2019,403,0.0,933.93,43.0,Card
1170,5/4/2025,1000,2066,402,2.0,412.85,16.0,Cash
1171,5/4/2025,1073,2060,401,3.0,0.0,21.0,Cash
1172,5/4/2025,1193,2061,403,0.0,199.92,4.0,Card
1173,5/4/2025,1196,2055,403,1.0,194.18,44.0,Card
1174,5/4/2025,1001,2070,403,1.0,61.52,43.0,Card
1175,5/4/2025,1105,2071,404,3.0,615.16,39.0,Card
1176,5/4/2025,1063,2020,404,3.0,375.83,38.0,Card
1177,5/4/2025,1056,2033,401,3.0,836.25,38.0,Venmo
1178,5/4/2025,1160,2030,403,2.0,271.95,37.0,Venmo
1179,5/4/2025,1166,2095,403,3.0,1472.37,35.0,Venmo
1180,5/4/2025,1048,2008,402,1.0,0.0,15.0,Cash
1181,5/4/2025,1074,2014,404,3.0,738.9,48.0,Cash
1182,5/4/2025,1069,2089,404,1.0,372.17,5.0,Cash
1183,5/4/2025,1082,2002,402,0.0,1732.0,41.0,Cash
1184,5/4/2025,1136,2002,402,0.0,1732.0,50.0,Card
1185,5/4/2025,1072,2034,402,3.0,0.0,20.0,Cash
1186,5/4/2025,1186,2001,402,0.0,824.7,44.0,Card
1187,5/4/2025,1038,2001,404,1.0,0.0,1.0,Card
1188,5/4/2025,1087,2053,403,3.0,2440.6,3.0,Cash
1189,5/4/2025,1095,2059,401,2.0,1638.56,9.0,Card
1190,5/4/2025,1020,2096,402,0.0,2688.72,29.0,Venmo
1191,5/4/2025,1068,2099,404,0.0,1938.96,22.0,Venmo
1192,5/4/2025,1139,2060,402,1.0,1102.63,38.0,Cash
1193,5/4/2025,1064,2048,401,0.0,715.26,8.0,Cash
1194,5/4/2025,1196,2091,402,3.0,0.0,11.0,Card
1195,5/4/2025,1197,2056,402,0.0,1049.44,6.0,Venmo
1196,5/4/2025,1050,2058,401,1.0,1800.22,19.0,Cash
1197,5/4/2025,1121,2049,403,2.0,751.87,0.0,Cash
1198,5/4/2025,1040,2080,401,0.0,1664.52,25.0,Card
1199,5/4/2025,1064,2061,403,1.0,179.93,8.0,Venmo
1200,5/4/2025,1092,2006,402,0.0,198.0,25.0,Cash
1201,5/4/2025,1060,2081,404,2.0,1193.95,8.0,Venmo
1202,5/4/2025,1003,2021,403,0.0,2506.23,34.0,Cash
1203,5/4/2025,1101,2031,401,0.0,1130.6,7.0,Cash
1204,5/4/2025,1148,2088,404,1.0,0.0,3.0,Venmo
1205,5/4/2025,1095,2098,401,1.0,2451.22,12.0,Venmo
1206,5/4/2025,1040,2063,401,2.0,883.94,23.0,Venmo
1207,5/4/2025,1194,2080,401,0.0,1664.52,11.0,Cash
1208,5/4/2025,1091,2082,402,0.0,0.0,14.0,Venmo
1209,5/4/2025,1032,2062,402,2.0,1981.95,40.0,Cash
1210,5/4/2025,1142,2082,403,3.0,799.8,4.0,Cash
1211,5/4/2025,1187,2024,401,3.0,372.81,27.0,Venmo
1212,5/4/2025,1091,2092,402,2.0,385.77,25.0,Venmo
1213,5/4/2025,1010,2062,404,2.0,990.98,18.0,Card
1214,5/4/2025,1138,2089,404,1.0,744.34,21.0,Cash
1215,5/4/2025,1145,2023,403,2.0,1503.26,21.0,Venmo
1216,5/4/2025,1187,2059,403,1.0,1843.38,40.0,Card
1217,5/4/2025,1017,2067,402,3.0,0.0,18.0,Venmo
1218,5/4/2025,1075,2033,403,3.0,836.25,30.0,Venmo
1219,5/4/2025,1000,2099,404,1.0,2326.75,13.0,Card
1220,5/4/2025,1004,2079,403,1.0,0.0,34.0,Venmo
1221,5/4/2025,1082,2092,401,3.0,0.0,29.0,Cash
1222,5/4/2025,1048,2067,404,1.0,785.56,21.0,Venmo
1223,5/4/2025,1156,2036,403,3.0,0.0,20.0,Venmo
1224,5/4/2025,1164,2041,401,0.0,804.21,6.0,Cash
1225,5/4/2025,1133,2084,401,0.0,0.0,7.0,Card
1226,5/4/2025,1033,2022,401,1.0,604.06,4.0,Venmo
1227,5/4/2025,1027,2062,402,0.0,1238.72,44.0,Card
1228,5/4/2025,1008,2073,404,3.0,1498.29,10.0,Venmo
1229,5/4/2025,1134,2079,403,0.0,950.54,43.0,Card
1230,5/4/2025,1093,2028,401,0.0,1275.88,9.0,Venmo
1231,5/4/2025,1053,2083,404,0.0,2304.48,41.0,Venmo
1232,5/4/2025,1119,2081,401,2.0,0.0,50.0,Cash
1233,5/4/2025,1142,2095,404,2.0,1177.9,49.0,Cash
1234,5/4/2025,1181,2007,403,0.0,583.39,9.0,Card
1235,5/4/2025,1187,2009,403,0.0,265.24,29.0,Cash
1236,5/4/2025,1055,2066,401,0.0,2580.3,1.0,Cash
1237,5/4/2025,1185,2029,404,1.0,12.16,5.0,Venmo
1238,5/4/2025,1049,2067,402,1.0,261.86,24.0,Cash
1239,5/4/2025,1142,2095,404,0.0,1963.16,47.0,Card
1240,5/4/2025,1196,2081,403,3.0,746.22,40.0,Cash
1241,5/4/2025,1179,2085,404,0.0,242.15,3.0,Cash
1242,5/4/2025,1042,2023,404,2.0,2254.9,6.0,Card
1243,5/4/2025,1168,2020,404,2.0,601.33,37.0,Venmo
1244,5/4/2025,1080,2070,403,2.0,0.0,11.0,Venmo
1245,5/4/2025,1105,2097,404,2.0,673.68,19.0,Cash
1246,5/4/2025,1155,2030,402,3.0,509.91,46.0,Cash
1247,5/4/2025,1196,2070,403,2.0,27.34,27.0,Venmo
1248,5/4/2025,1115,2057,404,0.0,1747.92,26.0,Venmo
1249,5/4/2025,1185,2004,403,0.0,2781.75,12.0,Venmo
1250,5/4/2025,1132,2017,403,0.0,0.0,3.0,Card
1251,5/4/2025,1076,2028,402,2.0,1020.7,25.0,Cash
1252,5/4/2025,1005,2098,403,1.0,3268.3,22.0,Cash
1253,5/4/2025,1024,2004,404,2.0,1483.6,16.0,Cash
1254,5/4/2025,1039,2017,403,2.0,370.96,43.0,Card
1255,5/4/2025,1149,2031,402,2.0,904.48,2.0,Venmo
1256,5/4/2025,1076,2011,404,1.0,737.53,24.0,Cash
1257,5/4/2025,1187,2009,403,3.0,198.93,22.0,Cash
1258,5/4/2025,1044,2062,401,2.0,495.49,15.0,Cash
1259,5/4/2025,1009,2093,404,0.0,0.0,18.0,Venmo
1260,5/4/2025,1199,2007,403,2.0,1400.14,24.0,Venmo
1261,5/4/2025,1111,2053,401,1.0,3294.81,15.0,Cash
1262,5/4/2025,1191,2083,401,3.0,768.16,0.0,Venmo
1263,5/4/2025,1013,2039,401,2.0,1562.3,2.0,Cash
1264,5/4/2025,1138,2072,402,2.0,672.48,4.0,Card
1265,5/4/2025,1128,2089,402,1.0,744.34,39.0,Card
1266,5/4/2025,1012,2086,404,3.0,2682.3,49.0,Cash
1267,5/4/2025,1192,2076,401,1.0,1450.93,4.0,Venmo
1268,5/4/2025,1110,2037,404,1.0,324.13,17.0,Card
1269,5/4/2025,1033,2043,401,3.0,4367.25,19.0,Card
1270,5/4/2025,1146,2095,401,3.0,1963.16,22.0,Cash
1271,5/4/2025,1067,2010,404,3.0,0.0,42.0,Venmo
1272,5/4/2025,1198,2089,402,1.0,744.34,40.0,Card
1273,5/4/2025,1123,2071,402,3.0,1845.48,22.0,Cash
1274,5/4/2025,1101,2083,402,1.0,2074.03,24.0,Venmo
1275,5/4/2025,1062,2009,403,3.0,66.31,39.0,Cash
1276,5/4/2025,1082,2087,401,0.0,318.64,19.0,Cash
1277,5/4/2025,1171,2052,404,2.0,0.0,35.0,Card
1278,5/4/2025,1089,2024,403,2.0,298.25,46.0,Venmo
1279,5/4/2025,1152,2083,401,2.0,1843.58,6.0,Card
1280,5/4/2025,1043,2044,404,1.0,373.64,25.0,Cash
1281,5/4/2025,1112,2005,402,1.0,0.0,42.0,Card
1282,5/4/2025,1175,2047,402,0.0,1004.94,40.0,Card
1283,5/4/2025,1028,2094,401,1.0,888.03,16.0,Cash
1284,5/4/2025,1158,2018,403,0.0,2169.04,43.0,Venmo
1285,5/4/2025,1087,2088,401,2.0,567.48,8.0,Venmo
1286,5/4/2025,1115,2060,401,2.0,980.11,8.0,Card
1287,5/4/2025,1053,2094,402,1.0,888.03,35.0,Cash
1288,5/4/2025,1139,2066,403,3.0,2580.3,35.0,Venmo
1289,5/4/2025,1159,2093,402,0.0,0.0,50.0,Venmo
1290,5/4/2025,1096,2074,401,2.0,1055.2,36.0,Card
1291,5/4/2025,1043,2007,403,1.0,525.05,30.0,Venmo
1292,5/4/2025,1178,2079,403,0.0,950.54,22.0,Card
1293,5/4/2025,1119,2083,401,0.0,768.16,26.0,Venmo
1294,5/4/2025,1099,2084,403,2.0,0.0,3.0,Card
1295,5/4/2025,1027,2002,403,3.0,866.0,48.0,Venmo
1296,5/4/2025,1059,2048,401,2.0,572.21,32.0,Cash
1297,5/4/2025,1124,2076,401,1.0,2176.39,26.0,Venmo
1298,5/4/2025,1050,2064,404,0.0,1470.2,17.0,Card
1299,5/4/2025,1010,2031,403,2.0,1356.72,37.0,Venmo
1300,5/4/2025,1125,2050,402,0.0,373.56,14.0,Cash
1301,5/4/2025,1088,2087,403,2.0,509.82,34.0,Venmo
1302,5/4/2025,1160,2038,402,2.0,2223.62,30.0,Venmo
1303,5/4/2025,1015,2080,403,3.0,2496.78,38.0,Card
1304,5/4/2025,1007,2071,403,1.0,553.64,25.0,Venmo
1305,5/4/2025,1038,2043,404,1.0,786.1,37.0,Cash
1306,5/4/2025,1022,2093,404,1.0,2721.38,39.0,Cash
1307,5/4/2025,1106,2030,402,3.0,1019.82,41.0,Cash
1308,5/4/2025,1079,2077,403,3.0,561.83,1.0,Venmo
1309,5/4/2025,1138,2016,402,1.0,872.15,15.0,Venmo
1310,5/4/2025,1148,2069,402,1.0,418.3,2.0,Venmo
1311,5/4/2025,1079,2088,402,3.0,709.35,29.0,Card
1312,5/4/2025,1197,2018,402,2.0,867.62,37.0,Venmo
1313,5/4/2025,1017,2071,401,1.0,553.64,2.0,Card
1314,5/4/2025,1081,2018,401,2.0,867.62,43.0,Card
1315,5/4/2025,1105,2052,403,3.0,731.26,21.0,Venmo
1316,5/4/2025,1190,2081,403,1.0,0.0,6.0,Venmo
1317,5/4/2025,1199,2024,401,1.0,223.69,21.0,Cash
1318,5/4/2025,1047,2003,403,1.0,346.66,15.0,Venmo
1319,5/4/2025,1152,2029,402,0.0,27.02,43.0,Venmo
1320,5/4/2025,1091,2010,404,1.0,210.17,21.0,Venmo
1321,5/4/2025,1128,2077,404,2.0,0.0,4.0,Cash
1322,5/4/2025,1047,2049,404,3.0,0.0,29.0,Venmo
1323,5/4/2025,1035,2020,402,1.0,676.49,45.0,Cash
1324,5/4/2025,1008,2052,401,2.0,585.01,46.0,Card
1325,5/4/2025,1105,2028,402,1.0,1148.29,3.0,Cash
1326,5/4/2025,1016,2022,404,3.0,2684.72,45.0,Venmo
1327,5/4/2025,1176,2041,404,1.0,1447.58,33.0,Venmo
1328,5/4/2025,1109,2051,401,3.0,469.28,8.0,Cash
1329,5/4/2025,1184,2040,404,0.0,103.62,17.0,Card
1330,5/4/2025,1133,2013,404,3.0,3741.44,30.0,Cash
1331,5/4/2025,1010,2031,404,0.0,1130.6,49.0,Cash
1332,5/4/2025,1142,2049,401,1.0,0.0,50.0,Card
1333,5/4/2025,1074,2056,404,2.0,839.55,36.0,Cash
1334,5/4/2025,1198,2036,404,1.0,392.36,5.0,Cash
1335,5/4/2025,1108,2037,401,1.0,648.25,34.0,Venmo
1336,5/4/2025,1118,2082,404,0.0,799.8,5.0,Venmo
1337,5/4/2025,1184,2064,401,1.0,264.64,48.0,Card
1338,5/4/2025,1199,2074,402,3.0,1978.5,5.0,Cash
1339,5/4/2025,1105,2041,404,0.0,0.0,31.0,Card
1340,5/4/2025,1045,2058,402,3.0,0.0,36.0,Cash
1341,5/4/2025,1023,2032,403,1.0,1702.08,17.0,Venmo
1342,5/4/2025,1183,2093,401,0.0,2267.82,43.0,Cash
1343,5/4/2025,1029,2090,404,2.0,57.31,27.0,Card
1344,5/4/2025,1021,2067,404,1.0,261.86,40.0,Card
1345,5/4/2025,1096,2070,404,0.0,136.72,19.0,Venmo
1346,5/4/2025,1196,2021,403,1.0,751.87,38.0,Card
1347,5/4/2025,1041,2018,402,0.0,1084.52,20.0,Venmo
1348,5/4/2025,1107,2039,403,3.0,0.0,5.0,Card
1349,5/4/2025,1073,2080,402,0.0,3329.04,49.0,Cash
1350,5/4/2025,1033,2025,401,2.0,671.09,19.0,Card
1351,5/4/2025,1003,2058,404,3.0,2000.25,20.0,Cash
1352,5/4/2025,1139,2000,404,1.0,1744.76,7.0,Venmo
1353,5/4/2025,1055,2075,404,3.0,3122.56,16.0,Cash
1354,5/4/2025,1104,2056,401,0.0,1574.16,42.0,Cash
1355,5/4/2025,1062,2070,403,1.0,30.76,17.0,Venmo
1356,5/4/2025,1012,2023,402,0.0,2818.62,18.0,Cash
1357,5/4/2025,1167,2044,401,1.0,560.47,25.0,Card
1358,5/4/2025,1008,2085,403,2.0,0.0,24.0,Card
1359,5/4/2025,1022,2006,401,3.0,990.0,45.0,Card
1360,5/4/2025,1045,2020,403,1.0,1352.99,15.0,Venmo
1361,5/4/2025,1116,2095,403,0.0,981.58,5.0,Cash
1362,5/4/2025,1023,2098,403,2.0,1452.58,8.0,Venmo
1363,5/4/2025,1094,2048,401,3.0,1072.89,11.0,Card
1364,5/4/2025,1140,2008,403,3.0,0.0,24.0,Cash
1365,5/4/2025,1034,2015,403,2.0,1079.95,35.0,Card
1366,5/4/2025,1134,2052,402,1.0,1316.27,38.0,Cash
1367,5/4/2025,1156,2007,401,0.0,1750.17,3.0,Card
1368,5/4/2025,1123,2092,403,3.0,0.0,48.0,Venmo
1369,5/4/2025,1155,2040,403,2.0,27.63,39.0,Card
1370,5/4/2025,1033,2078,404,3.0,568.04,8.0,Venmo
1371,5/4/2025,1126,2023,402,2.0,2254.9,8.0,Venmo
1372,5/4/2025,1049,2000,401,0.0,3877.24,12.0,Cash
1373,5/4/2025,1119,2080,401,1.0,0.0,26.0,Cash
1374,5/4/2025,1157,2053,404,0.0,1830.45,19.0,Card
1375,5/4/2025,1085,2044,402,0.0,207.58,34.0,Venmo
1376,5/4/2025,1163,2025,403,2.0,447.39,18.0,Cash
1377,5/4/2025,1017,2039,403,2.0,3905.76,8.0,Card
1378,5/4/2025,1196,2000,401,2.0,0.0,42.0,Cash
1379,5/4/2025,1087,2050,401,1.0,168.1,10.0,Card
1380,5/4/2025,1049,2042,403,3.0,670.44,40.0,Card
1381,5/4/2025,1121,2004,402,3.0,3709.0,49.0,Venmo
1382,5/4/2025,1039,2080,404,2.0,665.81,49.0,Venmo
1383,5/4/2025,1118,2052,401,2.0,0.0,10.0,Venmo
1384,5/4/2025,1144,2092,403,0.0,1446.63,7.0,Venmo
1385,5/4/2025,1053,2073,403,2.0,1198.63,5.0,Cash
1386,5/4/2025,1016,2019,403,0.0,0.0,1.0,Venmo
1387,5/4/2025,1086,2048,402,3.0,1072.89,29.0,Venmo
1388,5/4/2025,1047,2076,401,2.0,0.0,33.0,Card
1389,5/4/2025,1180,2040,401,2.0,110.53,20.0,Cash
1390,5/4/2025,1105,2011,404,1.0,0.0,25.0,Cash
1391,5/4/2025,1095,2057,403,1.0,786.56,33.0,Cash
1392,5/4/2025,1134,2038,402,0.0,926.51,19.0,Venmo
1393,5/4/2025,1095,2004,402,0.0,0.0,9.0,Card
1394,5/4/2025,1113,2064,401,3.0,294.04,32.0,Cash
1395,5/4/2025,1128,2019,402,2.0,1494.29,26.0,Venmo
1396,5/4/2025,1123,2093,403,2.0,3023.76,24.0,Card
1397,5/4/2025,1036,2098,401,1.0,817.07,37.0,Cash
1398,5/4/2025,1052,2092,401,3.0,1928.84,40.0,Card
1399,5/4/2025,1099,2091,401,0.0,905.79,25.0,Cash
1400,5/4/2025,1079,2005,401,2.0,1715.12,49.0,Cash
1401,5/4/2025,1119,2005,401,2.0,686.05,19.0,Card
1402,5/4/2025,1005,2073,403,1.0,0.0,40.0,Cash
1403,5/4/2025,1082,2025,402,2.0,223.7,28.0,Card
1404,5/4/2025,1070,2068,403,3.0,2460.72,14.0,Card
1405,5/4/2025,1171,2015,403,1.0,0.0,15.0,Card
1406,5/4/2025,1040,2035,401,0.0,899.99,42.0,Card
1407,5/4/2025,1159,2071,401,1.0,1660.93,20.0,Cash
1408,5/4/2025,1138,2044,403,2.0,0.0,3.0,Card
1409,5/4/2025,1036,2090,403,1.0,0.0,6.0,Card
1410,5/4/2025,1043,2009,403,2.0,106.1,18.0,Card
1411,5/4/2025,1138,2056,401,1.0,944.5,16.0,Cash
1412,5/4/2025,1007,2060,401,0.0,816.76,19.0,Venmo
1413,5/4/2025,1098,2006,401,3.0,990.0,27.0,Cash
1414,5/4/2025,1100,2022,404,2.0,1610.83,14.0,Cash
1415,5/4/2025,1079,2042,402,0.0,167.61,46.0,Cash
1416,5/4/2025,1193,2097,404,1.0,2273.67,6.0,Card
1417,5/4/2025,1023,2089,404,0.0,413.52,27.0,Card
1418,5/4/2025,1116,2039,404,3.0,3905.76,47.0,Cash
1419,5/4/2025,1059,2028,402,2.0,1531.06,6.0,Card
1420,5/4/2025,1093,2050,402,2.0,298.85,25.0,Card
1421,5/4/2025,1083,2058,404,0.0,2000.25,14.0,Venmo
1422,5/4/2025,1016,2060,401,2.0,653.41,42.0,Venmo
1423,5/4/2025,1122,2059,402,2.0,1228.92,44.0,Cash
1424,5/4/2025,1196,2044,402,0.0,207.58,30.0,Cash
1425,5/4/2025,1103,2091,401,2.0,2173.9,31.0,Venmo
1426,5/4/2025,1142,2083,401,2.0,1229.06,25.0,Venmo
1427,5/4/2025,1136,2059,404,3.0,2560.25,50.0,Venmo
1428,5/4/2025,1061,2079,402,1.0,2566.46,41.0,Card
1429,5/4/2025,1123,2049,401,2.0,751.87,40.0,Cash
1430,5/4/2025,1053,2088,404,3.0,709.35,1.0,Venmo
1431,5/4/2025,1145,2043,402,1.0,1572.21,45.0,Cash
1432,5/4/2025,1169,2085,401,3.0,1210.75,22.0,Venmo
1433,5/4/2025,1029,2075,404,2.0,1249.02,35.0,Card
1434,5/4/2025,1142,2012,404,1.0,1682.61,10.0,Venmo
1435,5/4/2025,1078,2051,401,0.0,117.32,47.0,Card
1436,5/4/2025,1175,2076,404,2.0,1289.71,5.0,Venmo
1437,5/4/2025,1126,2082,401,0.0,1066.4,36.0,Card
1438,5/4/2025,1055,2017,401,1.0,1669.32,20.0,Card
1439,5/4/2025,1169,2019,404,2.0,747.14,0.0,Venmo
1440,5/4/2025,1099,2078,404,1.0,383.43,2.0,Cash
1441,5/4/2025,1052,2087,403,2.0,0.0,14.0,Cash
1442,5/4/2025,1145,2086,403,3.0,2682.3,6.0,Cash
1443,5/4/2025,1183,2044,401,0.0,1037.9,12.0,Cash
1444,5/4/2025,1156,2065,404,1.0,423.31,29.0,Card
1445,5/4/2025,1075,2007,403,0.0,1166.78,38.0,Cash
1446,5/4/2025,1000,2090,403,0.0,143.28,7.0,Cash
1447,5/4/2025,1072,2003,402,3.0,0.0,35.0,Card
1448,5/4/2025,1179,2075,404,2.0,1873.54,34.0,Venmo
1449,5/4/2025,1182,2048,404,3.0,357.63,3.0,Cash
1450,5/4/2025,1111,2069,402,1.0,836.6,34.0,Card
1451,5/4/2025,1121,2017,402,3.0,2782.2,15.0,Cash
1452,5/4/2025,1092,2053,402,2.0,1464.36,34.0,Card
1453,5/4/2025,1171,2016,402,0.0,646.04,48.0,Cash
1454,5/4/2025,1018,2082,401,1.0,0.0,24.0,Cash
1455,5/4/2025,1184,2062,404,1.0,1672.27,22.0,Venmo
1456,5/4/2025,1021,2017,404,3.0,463.7,48.0,Venmo
1457,5/4/2025,1178,2077,404,1.0,505.65,5.0,Card
1458,5/4/2025,1116,2065,404,3.0,470.34,46.0,Cash
1459,5/4/2025,1098,2045,402,1.0,280.93,29.0,Venmo
1460,5/4/2025,1108,2077,401,3.0,1685.49,14.0,Venmo
1461,5/4/2025,1187,2030,403,3.0,509.91,10.0,Card
1462,5/4/2025,1139,2073,403,0.0,499.43,21.0,Card
1463,5/4/2025,1009,2072,404,2.0,0.0,37.0,Venmo
1464,5/4/2025,1028,2074,404,0.0,3297.5,8.0,Cash
1465,5/4/2025,1036,2093,403,3.0,0.0,49.0,Cash
1466,5/4/2025,1132,2010,401,1.0,0.0,19.0,Cash
1467,5/4/2025,1120,2080,401,2.0,665.81,13.0,Card
1468,5/4/2025,1156,2006,403,0.0,198.0,38.0,Card
1469,5/4/2025,1120,2058,404,2.0,1600.2,39.0,Venmo
1470,5/4/2025,1107,2045,403,2.0,249.71,46.0,Card
1471,5/4/2025,1042,2004,403,2.0,0.0,35.0,Cash
1472,5/4/2025,1015,2080,404,1.0,749.03,3.0,Venmo
1473,5/4/2025,1146,2006,403,0.0,792.0,12.0,Venmo
1474,5/4/2025,1073,2062,401,1.0,1114.85,21.0,Venmo
1475,5/4/2025,1129,2009,403,2.0,0.0,9.0,Venmo
1476,5/4/2025,1033,2078,403,2.0,340.82,32.0,Card
1477,5/4/2025,1065,2001,401,1.0,371.12,2.0,Venmo
1478,5/4/2025,1151,2094,402,3.0,493.35,24.0,Venmo
1479,5/4/2025,1094,2022,403,1.0,0.0,21.0,Cash
1480,5/4/2025,1124,2023,401,2.0,2254.9,28.0,Venmo
1481,5/4/2025,1021,2018,402,3.0,542.26,45.0,Card
1482,5/4/2025,1192,2052,404,1.0,0.0,40.0,Cash
1483,5/4/2025,1169,2056,402,1.0,944.5,12.0,Card
1484,5/4/2025,1147,2093,403,0.0,2267.82,0.0,Card
1485,5/4/2025,1164,2033,401,0.0,836.25,23.0,Cash
1486,5/4/2025,1042,2059,404,3.0,3072.3,4.0,Card
1487,5/4/2025,1077,2060,402,3.0,1633.52,9.0,Cash
1488,5/4/2025,1174,2090,404,3.0,286.56,42.0,Card
1489,5/4/2025,1067,2018,404,0.0,2169.04,40.0,Cash
1490,5/4/2025,1073,2057,404,2.0,349.58,28.0,Cash
1491,5/4/2025,1135,2087,401,0.0,318.64,25.0,Venmo
1492,5/4/2025,1136,2081,403,3.0,2238.66,11.0,Card
1493,5/4/2025,1156,2083,403,2.0,1229.06,18.0,Venmo
1494,5/4/2025,1069,2034,401,2.0,217.87,1.0,Card
1495,5/4/2025,1167,2074,404,3.0,2638.0,22.0,Cash
1496,5/4/2025,1197,2086,402,1.0,2414.07,22.0,Card
1497,5/4/2025,1133,2043,402,2.0,1397.52,45.0,Cash
1498,5/4/2025,1140,2001,401,0.0,1237.05,0.0,Venmo
1499,5/4/2025,1003,2052,401,0.0,731.26,43.0,Card
1500,5/4/2025,1175,2057,403,1.0,1179.85,34.0,Card
1501,5/4/2025,1185,2036,403,1.0,980.91,42.0,Venmo
1502,5/4/2025,1008,2003,401,0.0,0.0,38.0,Card
1503,5/4/2025,1152,2084,402,0.0,281.85,22.0,Cash
1504,5/4/2025,1181,2015,401,1.0,1214.95,32.0,Card
1505,5/4/2025,1096,2084,402,0.0,0.0,27.0,Venmo
1506,5/4/2025,1178,2023,403,2.0,1503.26,26.0,Card
1507,5/4/2025,1119,2084,401,3.0,0.0,0.0,Card
1508,5/4/2025,1070,2098,404,2.0,1452.58,0.0,Venmo
1509,5/4/2025,1065,2020,401,2.0,300.66,12.0,Cash
1510,5/4/2025,1198,2007,404,3.0,2333.56,34.0,Cash
1511,5/4/2025,1085,2007,403,2.0,933.42,43.0,Cash
1512,5/4/2025,1045,2056,401,3.0,3148.32,42.0,Cash
1513,5/4/2025,1051,2078,404,1.0,383.43,19.0,Cash
1514,5/4/2025,1165,2062,401,1.0,557.42,4.0,Venmo
1515,5/4/2025,1138,2098,404,1.0,817.07,25.0,Venmo
1516,5/4/2025,1157,2082,401,3.0,1066.4,42.0,Venmo
1517,5/4/2025,1183,2033,401,0.0,0.0,21.0,Cash
1518,5/4/2025,1018,2009,403,3.0,0.0,11.0,Venmo
1519,5/4/2025,1004,2063,402,0.0,552.46,46.0,Card
1520,5/4/2025,1009,2085,404,2.0,193.72,15.0,Venmo
1521,5/4/2025,1038,2089,403,3.0,1240.56,26.0,Venmo
1522,5/4/2025,1147,2000,404,3.0,4846.55,5.0,Venmo
1523,5/4/2025,1111,2051,401,1.0,211.18,30.0,Card
1524,5/4/2025,1000,2049,404,0.0,5639.04,17.0,Card
1525,5/4/2025,1145,2068,403,2.0,656.19,49.0,Venmo
1526,5/4/2025,1174,2038,404,0.0,1853.02,18.0,Cash
1527,5/4/2025,1161,2082,401,2.0,213.28,16.0,Card
1528,5/4/2025,1136,2043,401,3.0,3493.8,17.0,Venmo
1529,5/4/2025,1194,2098,403,1.0,2451.22,24.0,Cash
1530,5/4/2025,1045,2070,401,3.0,102.54,27.0,Cash
1531,5/4/2025,1169,2024,403,3.0,621.35,20.0,Card
1532,5/4/2025,1027,2080,403,3.0,2496.78,15.0,Venmo
1533,5/4/2025,1021,2080,404,1.0,2247.1,49.0,Venmo
1534,5/4/2025,1035,2004,402,0.0,1854.5,32.0,Card
1535,5/4/2025,1184,2075,402,3.0,2341.92,9.0,Cash
1536,5/4/2025,1099,2008,403,3.0,66.59,17.0,Venmo
1537,5/4/2025,1136,2057,401,0.0,1310.94,16.0,Venmo
1538,5/4/2025,1086,2007,403,0.0,1750.17,21.0,Venmo
1539,5/4/2025,1103,2015,402,3.0,2024.91,20.0,Card
1540,5/4/2025,1173,2068,402,1.0,0.0,47.0,Card
1541,5/4/2025,1018,2004,402,3.0,927.25,24.0,Cash
1542,5/4/2025,1167,2002,404,0.0,866.0,12.0,Cash
1543,5/4/2025,1062,2089,402,0.0,2067.6,44.0,Venmo
1544,5/4/2025,1044,2080,401,2.0,665.81,24.0,Venmo
1545,5/4/2025,1024,2058,402,0.0,2000.25,8.0,Venmo
1546,5/4/2025,1027,2014,404,1.0,443.34,24.0,Cash
1547,5/4/2025,1016,2025,404,2.0,671.09,8.0,Card
1548,5/4/2025,1188,2086,404,2.0,2861.12,38.0,Card
1549,5/4/2025,1030,2087,402,2.0,382.37,18.0,Card
1550,5/4/2025,1054,2097,401,1.0,2273.67,45.0,Venmo
1551,5/4/2025,1085,2008,401,2.0,106.54,48.0,Venmo
1552,5/4/2025,1036,2096,404,1.0,1814.89,45.0,Cash
1553,5/4/2025,1178,2047,402,3.0,1004.94,35.0,Card
1554,5/4/2025,1062,2074,401,1.0,1187.1,24.0,Cash
1555,5/4/2025,1025,2080,404,1.0,3745.17,38.0,Cash
1556,5/4/2025,1004,2062,401,0.0,2477.44,42.0,Venmo
1557,5/4/2025,1001,2022,401,2.0,536.94,42.0,Venmo
1558,5/4/2025,1106,2088,404,1.0,1276.83,17.0,Card
1559,5/4/2025,1052,2018,403,3.0,2169.04,33.0,Venmo
1560,5/4/2025,1105,2030,402,0.0,339.94,44.0,Venmo
1561,5/4/2025,1152,2023,404,0.0,1879.08,9.0,Venmo
1562,5/4/2025,1160,2038,403,3.0,0.0,32.0,Venmo
1563,5/4/2025,1001,2071,402,1.0,1660.93,39.0,Venmo
1564,5/4/2025,1030,2067,401,2.0,465.52,13.0,Card
1565,5/4/2025,1194,2069,402,3.0,929.56,4.0,Cash
1566,5/4/2025,1197,2080,402,2.0,1331.62,43.0,Cash
1567,5/4/2025,1013,2024,401,1.0,335.53,45.0,Venmo
1568,5/4/2025,1175,2060,404,1.0,735.08,0.0,Venmo
1569,5/4/2025,1040,2085,401,0.0,484.3,9.0,Card
1570,5/4/2025,1165,2046,403,1.0,60.17,0.0,Venmo
1571,5/4/2025,1111,2032,403,3.0,3782.4,39.0,Cash
1572,5/4/2025,1011,2013,401,1.0,1683.65,49.0,Cash
1573,5/4/2025,1040,2003,404,0.0,385.18,3.0,Venmo
1574,5/4/2025,1018,2030,404,2.0,135.98,24.0,Venmo
1575,5/4/2025,1107,2025,403,1.0,754.97,44.0,Card
1576,5/4/2025,1199,2014,403,1.0,0.0,16.0,Card
1577,5/4/2025,1025,2030,404,1.0,0.0,38.0,Venmo
1578,5/4/2025,1096,2028,401,3.0,2551.76,41.0,Venmo
1579,5/4/2025,1149,2062,401,3.0,1858.08,41.0,Cash
1580,5/4/2025,1037,2027,404,1.0,465.5,5.0,Card
1581,5/4/2025,1099,2047,402,3.0,0.0,4.0,Venmo
1582,5/4/2025,1184,2024,403,2.0,198.83,19.0,Cash
1583,5/4/2025,1051,2042,402,0.0,167.61,10.0,Venmo
1584,5/4/2025,1177,2072,401,2.0,672.48,34.0,Cash
1585,5/4/2025,1034,2014,404,3.0,985.2,47.0,Card
1586,5/4/2025,1107,2021,403,1.0,751.87,28.0,Venmo
1587,5/4/2025,1075,2077,402,1.0,2528.24,0.0,Venmo
1588,5/4/2025,1147,2070,402,0.0,34.18,10.0,Card
1589,5/4/2025,1105,2066,404,1.0,928.91,14.0,Card
1590,5/4/2025,1151,2060,404,2.0,653.41,32.0,Card
1591,5/4/2025,1003,2093,404,1.0,680.35,6.0,Cash
1592,5/4/2025,1063,2041,404,1.0,2171.37,15.0,Venmo
1593,5/4/2025,1151,2019,401,3.0,933.93,39.0,Venmo
1594,5/4/2025,1011,2005,404,0.0,428.78,35.0,Card
1595,5/4/2025,1108,2067,404,3.0,290.95,21.0,Venmo
1596,5/4/2025,1178,2012,404,3.0,623.19,23.0,Cash
1597,5/4/2025,1061,2010,401,3.0,389.2,37.0,Venmo
1598,5/4/2025,1055,2016,403,2.0,0.0,1.0,Cash
1599,5/4/2025,1061,2082,401,0.0,266.6,28.0,Cash
1600,5/4/2025,1122,2085,403,1.0,217.94,24.0,Cash
1601,5/4/2025,1180,2058,401,3.0,666.75,49.0,Card
1602,5/4/2025,1118,2098,402,3.0,907.86,32.0,Card
1603,5/4/2025,1047,2047,404,0.0,334.98,18.0,Card
1604,5/4/2025,1160,2009,404,2.0,0.0,41.0,Card
1605,5/4/2025,1135,2004,403,3.0,3709.0,34.0,Venmo
1606,5/4/2025,1192,2034,402,0.0,0.0,20.0,Venmo
1607,5/4/2025,1158,2042,401,2.0,402.26,7.0,Card
1608,5/4/2025,1013,2014,404,2.0,197.04,6.0,Card
1609,5/4/2025,1119,2079,401,2.0,4562.59,2.0,Card
1610,5/4/2025,1093,2022,401,1.0,604.06,41.0,Cash
1611,5/4/2025,1035,2042,402,0.0,335.22,7.0,Cash
1612,5/4/2025,1166,2061,402,1.0,179.93,9.0,Venmo
1613,5/4/2025,1082,2045,403,3.0,312.14,1.0,Venmo
1614,5/4/2025,1070,2006,401,2.0,633.6,42.0,Venmo
1615,5/4/2025,1088,2057,404,0.0,436.98,11.0,Cash
1616,5/4/2025,1120,2090,403,3.0,214.92,12.0,Cash
1617,5/4/2025,1158,2047,401,1.0,904.45,50.0,Venmo
1618,5/4/2025,1117,2011,401,3.0,0.0,2.0,Cash
1619,5/4/2025,1045,2036,401,0.0,217.98,16.0,Venmo
1620,5/4/2025,1042,2035,401,1.0,809.99,9.0,Venmo
1621,5/4/2025,1127,2019,402,0.0,933.93,1.0,Cash
1622,5/4/2025,1075,2053,402,3.0,2440.6,6.0,Card
1623,5/4/2025,1088,2053,404,0.0,610.15,50.0,Card
1624,5/4/2025,1074,2024,401,0.0,248.54,49.0,Card
1625,5/4/2025,1059,2066,403,3.0,2064.24,42.0,Cash
1626,5/4/2025,1148,2043,403,3.0,873.45,0.0,Card
1627,5/4/2025,1151,2085,404,3.0,726.45,18.0,Cash
1628,5/4/2025,1077,2072,402,2.0,1008.72,1.0,Cash
1629,5/4/2025,1043,2033,402,3.0,836.25,44.0,Venmo
1630,5/4/2025,1095,2036,401,1.0,392.36,6.0,Card
1631,5/4/2025,1090,2036,404,1.0,588.55,1.0,Card
1632,5/4/2025,1158,2020,403,1.0,676.49,46.0,Venmo
1633,5/4/2025,1044,2090,402,1.0,0.0,35.0,Card
1634,5/4/2025,1060,2014,401,2.0,591.12,25.0,Card
1635,5/4/2025,1147,2016,404,2.0,516.83,20.0,Venmo
1636,5/4/2025,1094,2023,402,0.0,1879.08,40.0,Cash
1637,5/4/2025,1170,2040,403,1.0,0.0,0.0,Venmo
1638,5/4/2025,1095,2057,402,2.0,349.58,9.0,Cash
1639,5/4/2025,1031,2003,404,3.0,0.0,47.0,Cash
1640,5/4/2025,1196,2018,404,2.0,433.81,27.0,Venmo
1641,5/4/2025,1039,2000,403,2.0,775.45,34.0,Cash
1642,5/4/2025,1121,2037,402,3.0,1080.42,34.0,Cash
1643,5/4/2025,1086,2088,401,3.0,2837.4,6.0,Venmo
1644,5/4/2025,1010,2017,401,2.0,1112.88,14.0,Venmo
1645,5/4/2025,1006,2051,402,3.0,351.96,1.0,Venmo
1646,5/4/2025,1091,2011,403,0.0,819.48,30.0,Card
1647,5/4/2025,1155,2082,402,1.0,959.76,20.0,Venmo
1648,5/4/2025,1005,2098,403,1.0,817.07,10.0,Venmo
1649,5/4/2025,1005,2010,404,0.0,233.52,21.0,Venmo
1650,5/4/2025,1131,2050,402,3.0,747.12,48.0,Card
1651,5/4/2025,1081,2077,401,2.0,1797.86,10.0,Venmo
1652,5/4/2025,1101,2018,404,2.0,867.62,33.0,Venmo
1653,5/4/2025,1098,2047,401,2.0,1071.94,5.0,Card
1654,5/4/2025,1088,2044,403,3.0,830.32,47.0,Venmo
1655,5/4/2025,1143,2011,402,3.0,1229.22,36.0,Card
1656,5/4/2025,1189,2053,404,2.0,1464.36,17.0,Venmo
1657,5/4/2025,1041,2093,404,3.0,2267.82,30.0,Cash
1658,5/4/2025,1035,2075,401,1.0,1405.15,20.0,Cash
1659,5/4/2025,1053,2038,404,2.0,2964.83,49.0,Cash
1660,5/4/2025,1016,2075,404,0.0,3122.56,5.0,Cash
1661,5/4/2025,1001,2052,403,3.0,731.26,40.0,Cash
1662,5/4/2025,1044,2071,404,1.0,553.64,8.0,Card
1663,5/4/2025,1051,2023,404,2.0,0.0,4.0,Card
1664,5/4/2025,1141,2062,401,2.0,1486.46,33.0,Venmo
1665,5/4/2025,1149,2038,404,3.0,926.51,20.0,Venmo
1666,5/4/2025,1057,2003,401,1.0,2079.97,11.0,Venmo
1667,5/4/2025,1067,2038,404,0.0,926.51,46.0,Card
1668,5/4/2025,1167,2085,403,3.0,242.15,48.0,Venmo
1669,5/4/2025,1045,2062,402,0.0,1858.08,39.0,Venmo
1670,5/4/2025,1030,2097,403,3.0,3368.4,27.0,Cash
1671,5/4/2025,1017,2076,403,3.0,0.0,49.0,Venmo
1672,5/4/2025,1144,2055,403,3.0,161.82,5.0,Cash
1673,5/4/2025,1177,2015,403,0.0,674.97,10.0,Venmo
1674,5/4/2025,1066,2020,401,1.0,1014.74,33.0,Cash
1675,5/4/2025,1081,2059,402,2.0,409.64,12.0,Venmo
1676,5/4/2025,1041,2006,403,2.0,475.2,39.0,Card
1677,5/4/2025,1107,2081,403,0.0,3731.1,2.0,Venmo
1678,5/4/2025,1074,2037,401,1.0,0.0,1.0,Cash
1679,5/4/2025,1196,2080,402,0.0,832.26,36.0,Card
1680,5/4/2025,1153,2096,402,2.0,1075.49,43.0,Card
1681,5/4/2025,1080,2087,403,2.0,127.46,36.0,Venmo
1682,5/4/2025,1175,2089,403,0.0,2067.6,18.0,Cash
1683,5/4/2025,1136,2074,403,1.0,593.55,20.0,Cash
1684,5/4/2025,1003,2017,403,2.0,1112.88,39.0,Venmo
1685,5/4/2025,1199,2062,404,2.0,990.98,27.0,Venmo
1686,5/4/2025,1041,2013,402,1.0,1683.65,49.0,Venmo
1687,5/4/2025,1128,2028,402,0.0,0.0,37.0,Venmo
1688,5/4/2025,1106,2058,401,0.0,1333.5,35.0,Cash
1689,5/4/2025,1033,2002,404,2.0,1385.6,13.0,Cash
1690,5/4/2025,1079,2088,403,1.0,2553.66,3.0,Venmo
1691,5/4/2025,1113,2076,403,1.0,0.0,33.0,Card
1692,5/4/2025,1181,2038,401,0.0,2779.53,0.0,Venmo
1693,5/4/2025,1056,2016,402,1.0,872.15,31.0,Cash
1694,5/4/2025,1078,2016,402,1.0,872.15,14.0,Venmo
1695,5/4/2025,1020,2054,401,0.0,1801.02,49.0,Card
1696,5/4/2025,1004,2099,404,3.0,0.0,20.0,Cash
1697,5/4/2025,1010,2025,401,0.0,559.24,9.0,Venmo
1698,5/4/2025,1168,2065,401,3.0,1411.02,46.0,Venmo
1699,5/4/2025,1030,2032,401,0.0,945.6,29.0,Venmo
1700,5/4/2025,1077,2085,401,0.0,0.0,12.0,Venmo
1701,5/4/2025,1005,2015,402,1.0,0.0,25.0,Venmo
1702,5/4/2025,1047,2085,403,0.0,242.15,36.0,Card
1703,5/4/2025,1023,2018,403,2.0,0.0,11.0,Cash
1704,5/4/2025,1090,2020,402,0.0,751.66,6.0,Venmo
1705,5/4/2025,1025,2074,401,1.0,593.55,27.0,Cash
1706,5/4/2025,1183,2024,403,1.0,335.53,43.0,Card
1707,5/4/2025,1193,2068,401,0.0,820.24,10.0,Cash
1708,5/4/2025,1054,2064,404,2.0,235.23,2.0,Card
1709,5/4/2025,1178,2075,402,3.0,5464.48,43.0,Card
1710,5/4/2025,1172,2013,402,2.0,2244.86,48.0,Cash
1711,5/4/2025,1097,2054,402,1.0,810.46,13.0,Venmo
1712,5/4/2025,1104,2014,403,0.0,246.3,46.0,Venmo
1713,5/4/2025,1119,2014,402,3.0,1231.5,19.0,Card
1714,5/4/2025,1195,2046,403,0.0,100.29,48.0,Venmo
1715,5/4/2025,1021,2041,404,0.0,0.0,49.0,Card
1716,5/4/2025,1098,2036,404,2.0,0.0,8.0,Venmo
1717,5/4/2025,1175,2056,402,3.0,2098.88,30.0,Card
1718,5/4/2025,1074,2054,402,0.0,2701.53,27.0,Venmo
1719,5/4/2025,1121,2086,403,1.0,3218.76,17.0,Venmo
1720,5/4/2025,1003,2086,404,0.0,1788.2,39.0,Cash
1721,5/4/2025,1101,2056,401,0.0,524.72,36.0,Cash
1722,5/4/2025,1036,2050,404,0.0,747.12,43.0,Venmo
1723,5/4/2025,1189,2021,401,2.0,1336.66,39.0,Card
1724,5/4/2025,1050,2043,402,3.0,873.45,19.0,Cash
1725,5/4/2025,1031,2029,404,3.0,40.53,3.0,Venmo
1726,5/4/2025,1071,2097,403,3.0,2526.3,49.0,Venmo
1727,5/4/2025,1091,2060,404,3.0,1225.14,41.0,Card
1728,5/4/2025,1130,2035,402,3.0,899.99,25.0,Cash
1729,5/4/2025,1027,2015,403,3.0,0.0,20.0,Cash
1730,5/4/2025,1127,2029,402,0.0,40.53,16.0,Venmo
1731,5/4/2025,1025,2094,401,0.0,1973.4,49.0,Venmo
1732,5/4/2025,1127,2086,401,1.0,4828.14,4.0,Cash
1733,5/4/2025,1097,2077,403,1.0,2022.59,33.0,Card
1734,5/4/2025,1077,2079,401,0.0,1901.08,25.0,Card
1735,5/4/2025,1169,2096,404,3.0,672.18,13.0,Cash
1736,5/4/2025,1051,2037,404,3.0,1800.7,45.0,Card
1737,5/4/2025,1129,2033,403,0.0,1672.5,37.0,Venmo
1738,5/4/2025,1195,2004,404,0.0,2781.75,12.0,Venmo
1739,5/4/2025,1098,2057,403,3.0,1310.94,37.0,Cash
1740,5/4/2025,1113,2058,401,0.0,2000.25,6.0,Cash
1741,5/4/2025,1045,2071,403,1.0,0.0,20.0,Venmo
1742,5/4/2025,1125,2055,402,2.0,86.3,0.0,Card
1743,5/4/2025,1183,2049,404,0.0,1879.68,48.0,Venmo
1744,5/4/2025,1145,2086,404,3.0,2682.3,44.0,Venmo
1745,5/4/2025,1121,2071,402,0.0,1845.48,23.0,Venmo
1746,5/4/2025,1100,2033,404,3.0,2508.75,38.0,Venmo
1747,5/4/2025,1157,2086,403,2.0,1430.56,33.0,Card
1748,5/4/2025,1082,2007,401,0.0,1750.17,28.0,Card
1749,5/4/2025,1032,2046,403,0.0,167.15,32.0,Venmo
1750,5/4/2025,1195,2080,403,3.0,3329.04,1.0,Venmo
1751,5/4/2025,1024,2054,403,2.0,0.0,11.0,Venmo
1752,5/4/2025,1105,2044,401,1.0,373.64,40.0,Card
1753,5/4/2025,1063,2030,403,0.0,509.91,38.0,Card
1754,5/4/2025,1176,2008,403,0.0,133.18,10.0,Card
1755,5/4/2025,1086,2021,401,2.0,2004.98,50.0,Venmo
1756,5/4/2025,1009,2058,404,3.0,2000.25,46.0,Card
1757,5/4/2025,1068,2002,404,0.0,0.0,2.0,Venmo
1758,5/4/2025,1081,2048,404,2.0,572.21,12.0,Card
1759,5/4/2025,1146,2012,404,0.0,623.19,16.0,Venmo
1760,5/4/2025,1176,2086,402,2.0,1430.56,42.0,Cash
1761,5/4/2025,1127,2064,403,1.0,529.27,3.0,Card
1762,5/4/2025,1157,2038,403,3.0,4632.55,2.0,Cash
1763,5/4/2025,1051,2063,401,1.0,0.0,7.0,Card
1764,5/4/2025,1073,2033,401,2.0,1338.0,27.0,Card
1765,5/4/2025,1146,2051,402,0.0,0.0,6.0,Cash
1766,5/4/2025,1183,2074,401,2.0,0.0,29.0,Cash
1767,5/4/2025,1069,2008,404,3.0,66.59,4.0,Cash
1768,5/4/2025,1053,2044,401,2.0,332.13,34.0,Card
1769,5/4/2025,1129,2038,404,2.0,0.0,47.0,Venmo
1770,5/4/2025,1051,2053,404,2.0,488.12,47.0,Venmo
1771,5/4/2025,1159,2065,404,1.0,1693.22,44.0,Card
1772,5/4/2025,1004,2080,402,3.0,3329.04,32.0,Venmo
1773,5/4/2025,1054,2084,404,2.0,901.92,8.0,Card
1774,5/4/2025,1163,2068,404,0.0,1640.48,48.0,Venmo
1775,5/4/2025,1133,2025,403,3.0,838.86,4.0,Card
1776,5/4/2025,1037,2030,402,2.0,271.95,12.0,Card
1777,5/4/2025,1111,2052,403,0.0,731.26,12.0,Cash
1778,5/4/2025,1162,2026,404,2.0,169.25,41.0,Card
1779,5/4/2025,1073,2082,402,2.0,213.28,10.0,Card
1780,5/4/2025,1175,2076,402,3.0,806.07,49.0,Venmo
1781,5/4/2025,1061,2014,402,1.0,665.01,43.0,Venmo
1782,5/4/2025,1007,2031,403,3.0,1695.9,43.0,Card
1783,5/4/2025,1124,2071,404,3.0,1845.48,16.0,Venmo
1784,5/4/2025,1165,2004,402,1.0,1669.05,7.0,Cash
1785,5/4/2025,1069,2017,401,2.0,0.0,44.0,Cash
1786,5/4/2025,1071,2084,402,0.0,281.85,25.0,Cash
1787,5/4/2025,1184,2062,401,0.0,2477.44,33.0,Venmo
1788,5/4/2025,1021,2040,403,0.0,69.08,9.0,Venmo
1789,5/4/2025,1104,2046,401,3.0,167.15,35.0,Venmo
1790,5/4/2025,1185,2017,402,0.0,1854.8,24.0,Cash
1791,5/4/2025,1146,2094,401,2.0,789.36,18.0,Card
1792,5/4/2025,1127,2011,402,0.0,409.74,14.0,Cash
1793,5/4/2025,1197,2040,403,3.0,138.16,29.0,Card
1794,5/4/2025,1191,2095,402,3.0,1963.16,38.0,Venmo
1795,5/4/2025,1055,2018,401,1.0,488.03,3.0,Cash
1796,5/4/2025,1054,2035,404,3.0,899.99,14.0,Venmo
1797,5/4/2025,1065,2075,401,3.0,3903.2,8.0,Card
1798,5/4/2025,1136,2047,401,2.0,267.98,18.0,Cash
1799,5/4/2025,1139,2054,404,1.0,3241.84,14.0,Cash
1800,5/4/2025,1071,2018,403,3.0,0.0,2.0,Venmo
1801,5/4/2025,1183,2047,403,0.0,1004.94,45.0,Card
1802,5/4/2025,1165,2077,401,0.0,1685.49,14.0,Card
1803,5/4/2025,1176,2085,402,2.0,581.16,8.0,Cash
1804,5/4/2025,1141,2049,403,2.0,1503.74,18.0,Venmo
1805,5/4/2025,1175,2015,402,3.0,674.97,48.0,Card
1806,5/4/2025,1099,2001,404,2.0,0.0,33.0,Cash
1807,5/4/2025,1077,2011,402,2.0,655.58,25.0,Cash
1808,5/4/2025,1053,2020,404,2.0,601.33,35.0,Venmo
1809,5/4/2025,1196,2082,404,0.0,533.2,40.0,Cash
1810,5/4/2025,1070,2010,404,3.0,311.36,18.0,Cash
1811,5/4/2025,1188,2052,403,3.0,2925.04,41.0,Card
1812,5/4/2025,1025,2020,403,0.0,375.83,32.0,Card
1813,5/4/2025,1090,2053,403,3.0,1830.45,12.0,Cash
1814,5/4/2025,1177,2003,401,1.0,346.66,10.0,Cash
1815,5/4/2025,1161,2056,402,0.0,1049.44,9.0,Cash
1816,5/4/2025,1102,2025,403,2.0,0.0,44.0,Card
1817,5/4/2025,1147,2010,401,1.0,70.06,0.0,Venmo
1818,5/4/2025,1063,2066,402,3.0,516.06,17.0,Card
1819,5/4/2025,1081,2057,404,1.0,786.56,44.0,Venmo
1820,5/4/2025,1066,2022,403,2.0,536.94,13.0,Venmo
1821,5/4/2025,1050,2010,404,2.0,62.27,36.0,Cash
1822,5/4/2025,1046,2050,404,1.0,336.2,39.0,Card
1823,5/4/2025,1005,2002,402,0.0,3464.0,17.0,Venmo
1824,5/4/2025,1118,2025,403,1.0,0.0,11.0,Venmo
1825,5/4/2025,1012,2051,404,2.0,93.86,3.0,Card
1826,5/4/2025,1038,2011,403,1.0,1475.06,21.0,Card
1827,5/4/2025,1145,2015,401,3.0,2024.91,37.0,Card
1828,5/4/2025,1197,2058,404,0.0,666.75,26.0,Card
1829,5/4/2025,1057,2091,402,1.0,815.21,45.0,Card
1830,5/4/2025,1005,2034,403,3.0,544.68,37.0,Card
1831,5/4/2025,1097,2016,404,1.0,290.72,31.0,Venmo
1832,5/4/2025,1153,2027,403,1.0,698.25,30.0,Card
1833,5/4/2025,1107,2023,404,1.0,2536.76,1.0,Card
1834,5/4/2025,1007,2037,403,1.0,648.25,38.0,Cash
1835,5/4/2025,1158,2057,402,2.0,699.17,43.0,Cash
1836,5/4/2025,1149,2087,404,0.0,637.28,47.0,Venmo
1837,5/4/2025,1002,2060,402,2.0,326.7,16.0,Cash
1838,5/4/2025,1177,2050,402,3.0,186.78,27.0,Card
1839,5/4/2025,1181,2054,403,0.0,1801.02,3.0,Cash
1840,5/4/2025,1024,2071,401,0.0,615.16,0.0,Card
1841,5/4/2025,1085,2030,404,2.0,407.93,36.0,Card
1842,5/4/2025,1155,2085,401,0.0,726.45,38.0,Cash
1843,5/4/2025,1064,2064,404,2.0,940.93,36.0,Venmo
1844,5/4/2025,1101,2085,403,1.0,217.94,2.0,Card
1845,5/4/2025,1143,2005,402,2.0,343.02,13.0,Cash
1846,5/4/2025,1043,2064,404,2.0,235.23,24.0,Card
1847,5/4/2025,1119,2016,401,2.0,258.42,18.0,Cash
1848,5/4/2025,1181,2067,404,1.0,523.71,17.0,Venmo
1849,5/4/2025,1066,2014,403,0.0,0.0,5.0,Card
1850,5/4/2025,1032,2063,403,2.0,441.97,37.0,Venmo
1851,5/4/2025,1110,2036,403,2.0,348.77,44.0,Cash
1852,5/4/2025,1132,2040,404,1.0,124.34,46.0,Cash
1853,5/4/2025,1080,2094,404,1.0,0.0,40.0,Cash
1854,5/4/2025,1142,2084,404,0.0,0.0,48.0,Card
1855,5/4/2025,1048,2019,401,1.0,840.54,21.0,Cash
1856,5/4/2025,1046,2004,404,2.0,741.8,4.0,Card
1857,5/4/2025,1041,2090,404,3.0,358.2,49.0,Card
1858,5/4/2025,1029,2063,401,3.0,1657.38,18.0,Venmo
1859,5/4/2025,1091,2090,404,3.0,214.92,24.0,Cash
1860,5/4/2025,1126,2014,402,0.0,492.6,26.0,Cash
1861,5/4/2025,1089,2011,402,2.0,1638.96,10.0,Venmo
1862,5/4/2025,1046,2021,403,1.0,2255.61,28.0,Venmo
1863,5/4/2025,1149,2000,402,3.0,4846.55,9.0,Card
1864,5/4/2025,1019,2031,404,0.0,1695.9,35.0,Cash
1865,5/4/2025,1084,2003,403,0.0,0.0,8.0,Card
1866,5/4/2025,1100,2047,401,2.0,803.95,17.0,Cash
1867,5/4/2025,1039,2003,401,3.0,1155.54,16.0,Venmo
1868,5/4/2025,1181,2084,404,3.0,1127.4,16.0,Cash
1869,5/4/2025,1160,2034,401,2.0,326.81,46.0,Venmo
1870,5/4/2025,1011,2083,404,2.0,614.53,38.0,Cash
1871,5/4/2025,1187,2093,402,1.0,680.35,40.0,Card
1872,5/4/2025,1012,2082,403,2.0,853.12,30.0,Venmo
1873,5/4/2025,1014,2095,401,3.0,0.0,39.0,Cash
1874,5/4/2025,1023,2051,403,1.0,211.18,38.0,Card
1875,5/4/2025,1061,2098,404,0.0,2723.58,20.0,Cash
1876,5/4/2025,1005,2026,402,3.0,211.56,23.0,Cash
1877,5/4/2025,1199,2051,403,1.0,0.0,44.0,Venmo
1878,5/4/2025,1030,2038,404,3.0,3706.04,26.0,Venmo
1879,5/4/2025,1188,2039,402,2.0,1562.3,39.0,Card
1880,5/4/2025,1170,2012,403,1.0,560.87,9.0,Card
1881,5/4/2025,1125,2057,404,3.0,1310.94,18.0,Venmo
1882,5/4/2025,1068,2072,404,0.0,420.3,47.0,Cash
1883,5/4/2025,1193,2054,403,1.0,0.0,37.0,Cash
1884,5/4/2025,1111,2080,404,0.0,1664.52,46.0,Card
1885,5/4/2025,1010,2065,403,3.0,0.0,43.0,Cash
1886,5/4/2025,1173,2028,402,3.0,2551.76,31.0,Cash
1887,5/4/2025,1134,2080,401,2.0,1331.62,47.0,Cash
1888,5/4/2025,1119,2055,401,3.0,269.7,12.0,Cash
1889,5/4/2025,1076,2019,402,2.0,747.14,14.0,Card
1890,5/4/2025,1063,2066,404,2.0,0.0,20.0,Cash
1891,5/4/2025,1145,2006,401,0.0,0.0,44.0,Cash
1892,5/4/2025,1131,2013,404,3.0,4676.8,41.0,Venmo
1893,5/4/2025,1024,2059,403,2.0,0.0,43.0,Card
1894,5/4/2025,1065,2074,401,0.0,3297.5,34.0,Venmo
1895,5/4/2025,1029,2094,404,1.0,0.0,40.0,Venmo
1896,5/4/2025,1046,2050,401,0.0,560.34,44.0,Cash
1897,5/4/2025,1106,2090,403,2.0,114.62,6.0,Venmo
1898,5/4/2025,1150,2092,404,3.0,482.21,19.0,Card
1899,5/4/2025,1159,2033,403,1.0,752.62,34.0,Cash
1900,5/4/2025,1054,2023,401,2.0,751.63,13.0,Card
1901,5/4/2025,1172,2013,404,0.0,1870.72,17.0,Cash
1902,5/4/2025,1001,2050,401,0.0,560.34,2.0,Venmo
1903,5/4/2025,1043,2083,404,3.0,2304.48,1.0,Card
1904,5/4/2025,1177,2051,404,2.0,281.57,50.0,Venmo
1905,5/4/2025,1158,2078,403,3.0,568.04,27.0,Cash
1906,5/4/2025,1077,2011,402,1.0,368.77,32.0,Venmo
1907,5/4/2025,1003,2024,401,0.0,248.54,44.0,Venmo
1908,5/4/2025,1178,2024,401,1.0,223.69,39.0,Cash
1909,5/4/2025,1123,2083,402,1.0,1382.69,48.0,Venmo
1910,5/4/2025,1111,2080,402,0.0,3329.04,43.0,Card
1911,5/4/2025,1077,2098,404,1.0,817.07,35.0,Cash
1912,5/4/2025,1121,2054,401,0.0,0.0,28.0,Card
1913,5/4/2025,1042,2019,404,3.0,933.93,7.0,Cash
1914,5/4/2025,1120,2002,404,1.0,1558.8,22.0,Venmo
1915,5/4/2025,1051,2037,404,0.0,0.0,21.0,Card
1916,5/4/2025,1085,2001,401,3.0,412.35,22.0,Card
1917,5/4/2025,1106,2063,403,0.0,0.0,40.0,Cash
1918,5/4/2025,1124,2051,404,3.0,351.96,14.0,Card
1919,5/4/2025,1059,2091,401,0.0,1811.58,36.0,Cash
1920,5/4/2025,1108,2073,403,0.0,1498.29,5.0,Card
1921,5/4/2025,1068,2082,404,3.0,0.0,19.0,Card
1922,5/4/2025,1029,2063,403,3.0,3314.76,22.0,Card
1923,5/4/2025,1178,2055,401,1.0,242.73,15.0,Card
1924,5/4/2025,1073,2092,402,3.0,482.21,20.0,Venmo
1925,5/4/2025,1088,2056,402,1.0,1888.99,31.0,Card
1926,5/4/2025,1150,2087,403,3.0,477.96,28.0,Card
1927,5/4/2025,1033,2037,404,3.0,1440.56,15.0,Venmo
1928,5/4/2025,1172,2083,403,3.0,2304.48,14.0,Cash
1929,5/4/2025,1041,2079,402,2.0,2281.3,22.0,Venmo
1930,5/4/2025,1176,2095,401,3.0,1472.37,49.0,Card
1931,5/4/2025,1033,2022,402,1.0,1208.12,11.0,Card
1932,5/4/2025,1155,2062,401,3.0,1858.08,50.0,Cash
1933,5/4/2025,1126,2038,402,1.0,1667.72,50.0,Venmo
1934,5/4/2025,1142,2006,401,2.0,0.0,36.0,Cash
1935,5/4/2025,1066,2045,402,1.0,1123.7,48.0,Venmo
1936,5/4/2025,1128,2004,401,2.0,2967.2,28.0,Venmo
1937,5/4/2025,1110,2014,402,0.0,246.3,35.0,Venmo
1938,5/4/2025,1143,2028,404,2.0,1531.06,11.0,Card
1939,5/4/2025,1087,2045,401,2.0,0.0,5.0,Venmo
1940,5/4/2025,1038,2088,401,0.0,1418.7,27.0,Card
1941,5/4/2025,1112,2058,401,0.0,0.0,45.0,Venmo
1942,5/4/2025,1005,2078,401,0.0,426.03,34.0,Cash
1943,5/4/2025,1129,2013,402,0.0,1870.72,38.0,Cash
1944,5/4/2025,1052,2046,402,2.0,26.74,17.0,Cash
1945,5/4/2025,1181,2056,404,0.0,0.0,3.0,Venmo
1946,5/4/2025,1039,2082,403,2.0,0.0,40.0,Venmo
1947,5/4/2025,1035,2015,402,3.0,3374.85,17.0,Card
1948,5/4/2025,1106,2098,401,1.0,1634.15,21.0,Venmo
1949,5/4/2025,1121,2043,403,1.0,1572.21,40.0,Cash
1950,5/4/2025,1021,2034,403,3.0,544.68,30.0,Venmo
1951,5/4/2025,1092,2080,402,1.0,3745.17,3.0,Cash
1952,5/4/2025,1192,2096,404,1.0,1814.89,27.0,Venmo
1953,5/4/2025,1035,2054,404,3.0,0.0,14.0,Venmo
1954,5/4/2025,1117,2066,403,0.0,0.0,10.0,Cash
1955,5/4/2025,1113,2018,401,0.0,1084.52,14.0,Cash
1956,5/4/2025,1021,2043,403,3.0,2620.35,6.0,Cash
1957,5/4/2025,1197,2021,404,0.0,1670.82,0.0,Cash
1958,5/4/2025,1100,2097,401,1.0,2273.67,8.0,Card
1959,5/4/2025,1147,2007,403,3.0,0.0,15.0,Venmo
1960,5/4/2025,1102,2087,403,2.0,0.0,20.0,Card
1961,5/4/2025,1088,2001,403,1.0,1113.34,19.0,Venmo
1962,5/4/2025,1179,2051,404,1.0,211.18,35.0,Card
1963,5/4/2025,1139,2079,404,2.0,2281.3,26.0,Venmo
1964,5/4/2025,1005,2083,404,1.0,691.34,7.0,Venmo
1965,5/4/2025,1077,2010,401,2.0,186.82,39.0,Cash
1966,5/4/2025,1099,2092,402,2.0,1157.3,5.0,Card
1967,5/4/2025,1054,2011,403,2.0,327.79,38.0,Venmo
1968,5/4/2025,1193,2081,402,0.0,2238.66,38.0,Venmo
1969,5/4/2025,1007,2069,403,1.0,836.6,50.0,Card
1970,5/4/2025,1198,2038,404,0.0,1853.02,16.0,Venmo
1971,5/4/2025,1187,2007,403,2.0,466.71,9.0,Card
1972,5/4/2025,1160,2064,403,0.0,1176.16,6.0,Card
1973,5/4/2025,1012,2096,401,3.0,672.18,48.0,Cash
1974,5/4/2025,1076,2073,401,3.0,499.43,29.0,Card
1975,5/4/2025,1086,2030,402,2.0,407.93,14.0,Venmo
1976,5/4/2025,1076,2036,402,3.0,217.98,13.0,Venmo
1977,5/4/2025,1133,2094,402,0.0,1973.4,18.0,Venmo
1978,5/4/2025,1083,2066,402,2.0,1238.54,7.0,Cash
1979,5/4/2025,1116,2012,402,3.0,0.0,12.0,Cash
1980,5/4/2025,1105,2010,401,0.0,155.68,47.0,Venmo
1981,5/4/2025,1108,2016,404,1.0,872.15,47.0,Venmo
1982,5/4/2025,1114,2009,403,3.0,198.93,33.0,Cash
1983,5/4/2025,1150,2071,404,2.0,492.13,47.0,Venmo
1984,5/4/2025,1149,2063,404,3.0,2762.3,14.0,Card
1985,5/4/2025,1176,2062,404,1.0,557.42,14.0,Venmo
1986,5/4/2025,1036,2064,402,3.0,294.04,33.0,Venmo
1987,5/4/2025,1182,2058,402,0.0,0.0,35.0,Card
1988,5/4/2025,1177,2027,404,3.0,1034.44,47.0,Venmo
1989,5/4/2025,1008,2095,402,2.0,0.0,19.0,Venmo
1990,5/4/2025,1030,2077,404,0.0,1123.66,0.0,Venmo
1991,5/4/2025,1030,2047,403,0.0,334.98,33.0,Cash
1992,5/4/2025,1133,2019,401,2.0,747.14,15.0,Cash
1993,5/4/2025,1078,2047,403,2.0,535.97,16.0,Venmo
1994,5/4/2025,1124,2003,402,1.0,1386.65,5.0,Cash
1995,5/4/2025,1005,2075,404,0.0,3122.56,32.0,Venmo
1996,5/4/2025,1078,2036,402,1.0,588.55,5.0,Card
1997,5/4/2025,1189,2062,401,0.0,2477.44,40.0,Card
1998,5/4/2025,1140,2044,401,0.0,207.58,24.0,Venmo
1999,5/4/2025,1106,2061,403,3.0,599.76,5.0,Venmo
2000,5/4/2025,1086,2048,404,1.0,321.87,8.0,Cash
6,5/4/2025,1089,2028,401,0.0,1275.88,32.0,Cash
